https://bugcrowd.com/acorns	https://github.com/Acornsgrow	3977038
https://bugcrowd.com/afterpay	https://github.com/AfterpayTouch	41456538
https://bugcrowd.com/afterpay	https://github.com/afterpay	19336443
https://bugcrowd.com/agilebits	https://github.com/1password	38230737
https://bugcrowd.com/agilebits	https://github.com/agilebits	645660
https://bugcrowd.com/agilebits-ctf	https://bugcrowd.com/agilebits	-
https://bugcrowd.com/aiven-mbb-og	https://hackerone.com/aiven_ltd	-
https://bugcrowd.com/akeyless-og	https://github.com/akeylesslabs	41866627
https://bugcrowd.com/aleo-mbb-og	https://github.com/AleoHQ	57516293
https://bugcrowd.com/ampol	-	-
https://bugcrowd.com/arkose-labs	https://github.com/ArkoseLabs	5441327
https://bugcrowd.com/arlo	-	-
https://bugcrowd.com/aruba-product-og	https://bugcrowd.com/aruba-public	-
https://bugcrowd.com/aruba-product-public	https://bugcrowd.com/aruba-public	-
https://bugcrowd.com/aruba-public	https://github.com/aruba	29523115
https://bugcrowd.com/asana	https://github.com/Asana	1472111
https://bugcrowd.com/atlassian	https://github.com/asecurityteam	15603954
https://bugcrowd.com/atlassian	https://github.com/atlassian	168166
https://bugcrowd.com/atlassian	https://github.com/atlassian-api	43281909
https://bugcrowd.com/atlassian	https://github.com/atlassian-archive	59180401
https://bugcrowd.com/atlassian	https://github.com/atlassian-examples	60170917
https://bugcrowd.com/atlassian	https://github.com/atlassian-forks	59180477
https://bugcrowd.com/atlassian	https://github.com/atlassian-internal	59069676
https://bugcrowd.com/atlassian	https://github.com/atlassian-labs	59180319
https://bugcrowd.com/atlassian-forge	-	-
https://bugcrowd.com/atlassianapps	-	-
https://bugcrowd.com/aylo-mbb-og	-	-
https://bugcrowd.com/aylo-trafficjunky-mbb-og	-	-
https://bugcrowd.com/backblaze	https://github.com/backblaze	10283486
https://bugcrowd.com/barracuda	-	-
https://bugcrowd.com/bigbrassband	https://github.com/BigBrassBand	4586374
https://bugcrowd.com/bigcommerce	https://github.com/bigcommerce	186342
https://bugcrowd.com/bigcommerce	https://github.com/bigcommerce-labs	5535197
https://bugcrowd.com/bigcommerce	https://github.com/bigcommerce-payments	43156060
https://bugcrowd.com/bigcommerce	https://github.com/bigcommerce-sae	112665221
https://bugcrowd.com/bigcommerce	https://github.com/bigcommerce-test	16156869
https://bugcrowd.com/bigcommerce	https://github.com/bigcommerce-themes	7041992
https://bugcrowd.com/binance	https://github.com/Binance-docs	55527108
https://bugcrowd.com/binance	https://github.com/binance	69836600
https://bugcrowd.com/binance	https://github.com/binance-academy	55420705
https://bugcrowd.com/binance	https://github.com/binance-chain	99789420
https://bugcrowd.com/binance	https://github.com/binance-cloud	115698986
https://bugcrowd.com/binance	https://github.com/binance-exchange	32770468
https://bugcrowd.com/binance	https://github.com/bnb-chain	45615063
https://bugcrowd.com/binance	https://github.com/trustwallet	32179889
https://bugcrowd.com/bitdefender	https://github.com/bitdefender	32452258
https://bugcrowd.com/bitdefenderbox2	-	-
https://bugcrowd.com/bitget-og	https://github.com/Bitget-Auto-Trading-Platform	112503572
https://bugcrowd.com/bitpanda-og-bb	https://github.com/bitpanda-labs	39296694
https://bugcrowd.com/bitstamp	https://github.com/Bitstamp	7567980
https://bugcrowd.com/bitstamp	https://github.com/bitstamp-net	33431851
https://bugcrowd.com/bitstamp	https://github.com/bitstampnet	33431819
https://bugcrowd.com/bluejeans	https://github.com/bluejeans	12444506
https://bugcrowd.com/braze-bb	https://github.com/Appboy	463397
https://bugcrowd.com/braze-bb	https://github.com/AppboySecure	4740821
https://bugcrowd.com/braze-bb	https://github.com/braze-inc	32844289
https://bugcrowd.com/braze-bb	https://github.com/brazeinc	32844089
https://bugcrowd.com/bugcrowd	https://github.com/bugcrowd	3765077
https://bugcrowd.com/bullish	-	-
https://bugcrowd.com/bullish-exchange	-	-
https://bugcrowd.com/bybit	https://github.com/BybitExchange	88760753
https://bugcrowd.com/bybit	https://github.com/bybit-exchange	44487200
https://bugcrowd.com/caffeine	https://github.com/caffeinetv	18742433
https://bugcrowd.com/canva	https://github.com/Canva	2562356
https://bugcrowd.com/carrefour	https://github.com/Carrefour-Group	12154314
https://bugcrowd.com/cashapp	https://github.com/cashapp	49219790
https://bugcrowd.com/centrify	https://github.com/centrify	5566077
https://bugcrowd.com/cfr	https://github.com/cfr-wmd	1325597
https://bugcrowd.com/chia-network-bb	https://github.com/Chia-Network	34047804
https://bugcrowd.com/ciscomeraki	https://github.com/meraki	624349
https://bugcrowd.com/classdojo	https://www.classdojo.com/securitydisclosureprogram/	-
https://bugcrowd.com/clickhouse	https://github.com/ClickHouse	54801242
https://bugcrowd.com/cloudinary	https://github.com/CloudinaryLtd	6593809
https://bugcrowd.com/cloudinary	https://github.com/cloudinary	1460763
https://bugcrowd.com/cloudinary	https://github.com/cloudinary-developers	33458021
https://bugcrowd.com/cloudinary	https://github.com/cloudinary-devrel	51705042
https://bugcrowd.com/cloudinary	https://github.com/cloudinary-devs	45069436
https://bugcrowd.com/cloudinary	https://github.com/cloudinary-hackathons	80880760
https://bugcrowd.com/cloudinary	https://github.com/cloudinary-labs	65842781
https://bugcrowd.com/cloudinary	https://github.com/cloudinary-training	61600077
https://bugcrowd.com/cloudways	https://github.com/cloudways	3245298
https://bugcrowd.com/codefortynine	-	-
https://bugcrowd.com/codeorg	https://github.com/code-dot-org	5124627
https://bugcrowd.com/coindcx-og	https://github.com/coindcx-official	38361268
https://bugcrowd.com/comcast-mbb	https://bugcrowd.com/comcastvdp	-
https://bugcrowd.com/comcastvdp	https://github.com/Comcast	709212
https://bugcrowd.com/comcastvdp	https://github.com/ComcastSamples	30869611
https://bugcrowd.com/constantcontact	https://github.com/constantcontact	632753
https://bugcrowd.com/contrast-security	https://github.com/Contrast-Security-Inc	55993485
https://bugcrowd.com/contrast-security	https://github.com/Contrast-Security-OSS	5577345
https://bugcrowd.com/coolbitx-mbb	https://github.com/CoolBitX-Technology	14285346
https://bugcrowd.com/craftcoders	https://github.com/craft-coders	63855627
https://bugcrowd.com/creditkarma	https://github.com/creditkarma	1206633
https://bugcrowd.com/cudo-og	https://github.com/CudoVentures	35034091
https://bugcrowd.com/cyberghost	https://github.com/cyberghost-vpn	53481178
https://bugcrowd.com/dell-com	https://github.com/Boomi-Indu	127419856
https://bugcrowd.com/dell-com	https://github.com/BoomiWeb	139798069
https://bugcrowd.com/dell-com	https://github.com/Dell-EMC-Cloud	40238270
https://bugcrowd.com/dell-com	https://github.com/Dell-Networking	19270519
https://bugcrowd.com/dell-com	https://github.com/DellTechConsulting	64467150
https://bugcrowd.com/dell-com	https://github.com/EMCECS	12926680
https://bugcrowd.com/dell-com	https://github.com/Isilon	15840085
https://bugcrowd.com/dell-com	https://github.com/OfficialBoomi	60984671
https://bugcrowd.com/dell-com	https://github.com/StreamingDataPlatform	66659111
https://bugcrowd.com/dell-com	https://github.com/boomi-data-warehouse	58559495
https://bugcrowd.com/dell-com	https://github.com/dell	20958494
https://bugcrowd.com/dell-com	https://github.com/dellemc-hpc-ai	49922606
https://bugcrowd.com/dell-com	https://github.com/dellemcorg	68464114
https://bugcrowd.com/dell-com	https://github.com/dellstorage	14827814
https://bugcrowd.com/dell-com	https://github.com/maketechnologies	332358
https://bugcrowd.com/dell-com	https://github.com/manywho	2358368
https://bugcrowd.com/dell-com	https://github.com/secureworks	12698129
https://bugcrowd.com/dell-product	-	-
https://bugcrowd.com/dfinity-vdppro	https://github.com/DFINITY-Education	68569769
https://bugcrowd.com/dfinity-vdppro	https://github.com/dfinity	59101585
https://bugcrowd.com/dfinity-vdppro	https://github.com/dfinity-lab	39249824
https://bugcrowd.com/dfinity-vdppro	https://github.com/dfinity-side-projects	19788393
https://bugcrowd.com/digistorm	-	-
https://bugcrowd.com/directly	https://github.com/directly	12281279
https://bugcrowd.com/dropbox	https://github.com/HelloFax	584908
https://bugcrowd.com/dropbox	https://github.com/docsend	5750655
https://bugcrowd.com/dropbox	https://github.com/dropbox	559357
https://bugcrowd.com/dropbox	https://github.com/hellosign	25623857
https://bugcrowd.com/dropbox	https://github.com/hellosign-samples	101751347
https://bugcrowd.com/eazybi	https://github.com/eazybi	4946537
https://bugcrowd.com/electroneum	https://github.com/anytask	77165583
https://bugcrowd.com/electroneum	https://github.com/electroneum	29979040
https://bugcrowd.com/elementor	https://github.com/elementor	47606894
https://bugcrowd.com/elementor	https://github.com/elementorplus	43112330
https://bugcrowd.com/eos-smart-contracts	https://github.com/EOSIO	26932212
https://bugcrowd.com/epam-mbb-og	https://hackerone.com/epam-bbp	-
https://bugcrowd.com/etsy	https://github.com/etsy	193389
https://bugcrowd.com/exoscale	https://www.exoscale.com/security/	-
https://bugcrowd.com/exoscale-og	https://www.exoscale.com/security/	-
https://bugcrowd.com/expressvpn	https://github.com/expressvpn	26863060
https://bugcrowd.com/fireeye	https://github.com/fireeye	4984788
https://bugcrowd.com/fis	https://github.com/MercuryPay	3441549
https://bugcrowd.com/fis	https://github.com/WPTechInnovation	17878332
https://bugcrowd.com/fis	https://github.com/Worldpay	7138566
https://bugcrowd.com/fis	https://github.com/wpmobile	6849605
https://bugcrowd.com/flourish	https://github.com/kiln	1476685
https://bugcrowd.com/forgerock-bb	https://github.com/ForgeCloud	35542888
https://bugcrowd.com/forgerock-bb	https://github.com/ForgeRock	2592818
https://bugcrowd.com/forgerock-i-platform	https://bugcrowd.com/forgerock-bb	-
https://bugcrowd.com/forgerock-identitycloudplatform-bb	https://bugcrowd.com/forgerock-bb	-
https://bugcrowd.com/foxycart	https://github.com/FoxyCart	343755
https://bugcrowd.com/freedomofpress	https://github.com/freedomofpress	5388147
https://bugcrowd.com/gapinc	https://github.com/gapinc	1327099
https://bugcrowd.com/gearset-mbb	https://github.com/Gearset	13943160
https://bugcrowd.com/geotab-vdp	https://github.com/Geotab	6992843
https://bugcrowd.com/geotab-vdp	https://github.com/intendia-oss	6843235
https://bugcrowd.com/geotab-vdp	https://github.com/mobicorp	3931701
https://bugcrowd.com/gusto	https://github.com/Gusto	3697270
https://bugcrowd.com/halp	https://github.com/halphq	41123839
https://bugcrowd.com/hostgator	https://github.com/hostgator	2584619
https://bugcrowd.com/hostgator-latam-bb	https://github.com/HostGatorLatam	43190198
https://bugcrowd.com/hotdoc	https://github.com/htdc	13409476
https://bugcrowd.com/hubspot	https://github.com/HubSpot	326419
https://bugcrowd.com/hubspot	https://github.com/HubSpotInternal	8673116
https://bugcrowd.com/hubspot	https://github.com/HubSpotWebTeam	20028359
https://bugcrowd.com/hubspot	https://github.com/Hubspot-Dev	102818086
https://bugcrowd.com/hubspot	https://github.com/Hubspotspace	81280697
https://bugcrowd.com/hubspot	https://github.com/hubspot-vm	111035981
https://bugcrowd.com/hubspot	https://github.com/hubspotdevops	2530599
https://bugcrowd.com/humblebundle	https://github.com/HumbleBundle	5913731
https://bugcrowd.com/humblebundle	https://github.com/humble	585294
https://bugcrowd.com/ibotta	https://github.com/Ibotta	1649017
https://bugcrowd.com/ifood-og	https://github.com/iFood-Tech	68660251
https://bugcrowd.com/ifood-og	https://github.com/ifood	26223435
https://bugcrowd.com/imagekit	https://github.com/ImageKit	8485969
https://bugcrowd.com/imagekit	https://github.com/imagekit-developer	22879925
https://bugcrowd.com/imagekit	https://github.com/imagekit-samples	68460722
https://bugcrowd.com/immutable	https://bugcrowd.com/immutable-og	-
https://bugcrowd.com/immutable-og	https://github.com/immutable	42257219
https://bugcrowd.com/imperva-mbb	https://github.com/Imperva-bizapps	74560320
https://bugcrowd.com/imperva-mbb	https://github.com/Imperva-opensource	36440068
https://bugcrowd.com/imperva-mbb	https://github.com/imperva	34535031
https://bugcrowd.com/imperva-mbb	https://github.com/imperva-dev	16787622
https://bugcrowd.com/indeed	https://github.com/indeedeng	2905043
https://bugcrowd.com/indeed	https://github.com/indeedsecurity	32489932
https://bugcrowd.com/intercom	https://github.com/intercom	6585
https://bugcrowd.com/invision	https://github.com/InVisionApp	1536893
https://bugcrowd.com/irobot	https://github.com/iRobotCorporation	11542974
https://bugcrowd.com/jora	-	-
https://bugcrowd.com/jumboprivacy	https://github.com/jumboprivacy	37786564
https://bugcrowd.com/justeat-ogmbb	https://github.com/JustEatForBusiness	10532150
https://bugcrowd.com/justeat-ogmbb	https://github.com/SkipTheDishes	92111986
https://bugcrowd.com/justeat-ogmbb	https://github.com/justeat	1516790
https://bugcrowd.com/justeat-ogmbb	https://github.com/justeattakeaway	86794680
https://bugcrowd.com/justeattakeaway	https://bugcrowd.com/justeat-ogmbb	-
https://bugcrowd.com/k15t	https://github.com/K15t	11570837
https://bugcrowd.com/kaleido	https://github.com/remove-bg	47110761
https://bugcrowd.com/keepersecurity	https://github.com/Keeper-Security	4422310
https://bugcrowd.com/kennasecurity	https://github.com/KennaSecurity	739692
https://bugcrowd.com/kiteworks-public	https://github.com/accellion	2007256
https://bugcrowd.com/lamoda	https://github.com/lamoda	30246636
https://bugcrowd.com/lastpass	https://github.com/lastpass	7076028
https://bugcrowd.com/lemonade	https://github.com/Lemonade-Makers	73846385
https://bugcrowd.com/lemonade	https://github.com/lemonade-hq	13614521
https://bugcrowd.com/lightspeed-k-series	https://bugcrowd.com/x-series	-
https://bugcrowd.com/lightspeed-u-series	https://bugcrowd.com/lightspeed-k-series	-
https://bugcrowd.com/lime	https://github.com/limebike	35762259
https://bugcrowd.com/linktree-mbb-og	https://hackerone.com/linktree	-
https://bugcrowd.com/lululemon	https://github.com/Lululemon	17386352
https://bugcrowd.com/luno-og	https://github.com/luno	26893916
https://bugcrowd.com/majidalfuttaim-loyalty	https://www.majidalfuttaim.com/en/responsible-disclosure-policy	-
https://bugcrowd.com/mastercard	https://github.com/Mastercard	1653148
https://bugcrowd.com/mastercard	https://github.com/Mastercard-Gateway	37709176
https://bugcrowd.com/mastercard	https://github.com/mastercardlabs	61269887
https://bugcrowd.com/mastercard-src	-	-
https://bugcrowd.com/mastercard-vdp-ext	-	-
https://bugcrowd.com/medialab-kik-vdp	https://github.com/kikinteractive	1424728
https://bugcrowd.com/mettle	https://github.com/eeveebank	31885118
https://bugcrowd.com/monash-mbb	https://github.com/MonashBioinformaticsPlatform	11252230
https://bugcrowd.com/monash-mbb	https://github.com/mivp	6645755
https://bugcrowd.com/monash-mbb	https://github.com/monash-merc	3723826
https://bugcrowd.com/moneytreekkog	https://github.com/moneytree	1421669
https://bugcrowd.com/namejet	-	-
https://bugcrowd.com/navan	-	-
https://bugcrowd.com/neohrms	-	-
https://bugcrowd.com/netflix	https://github.com/Netflix	913567
https://bugcrowd.com/netgear	https://github.com/Netgear	69324785
https://bugcrowd.com/netgearkudos	-	-
https://bugcrowd.com/newfold-bluehost	https://github.com/bluehost	3769122
https://bugcrowd.com/newfold-vdeck-bb	-	-
https://bugcrowd.com/nextupai	-	-
https://bugcrowd.com/nicehash-og	https://github.com/nicehash	7475443
https://bugcrowd.com/nubank	https://github.com/Nubank-Cases-Big-Data	148243981
https://bugcrowd.com/nubank	https://github.com/nubank	4257275
https://bugcrowd.com/nubank	https://github.com/nubankstaging	54332417
https://bugcrowd.com/octopus-deploy	https://github.com/OctopusDeploy	1287123
https://bugcrowd.com/octopus-deploy	https://github.com/OctopusDeployCommunity	100569106
https://bugcrowd.com/octopus-deploy	https://github.com/OctopusDeployLabs	66137390
https://bugcrowd.com/octopus-deploy	https://github.com/OctopusSamples	5927450
https://bugcrowd.com/octopus-og	https://github.com/OctopusDeploy	1287123
https://bugcrowd.com/octopus-og	https://github.com/OctopusSamples	5927450
https://bugcrowd.com/okta	https://github.com/okta	362460
https://bugcrowd.com/onetrust	https://github.com/Convercent	35939839
https://bugcrowd.com/onetrust	https://github.com/Zentrust	15935690
https://bugcrowd.com/openai	https://github.com/openai	14957082
https://bugcrowd.com/opensea	https://hackerone.com/opensea	-
https://bugcrowd.com/opera	https://github.com/operasoftware-community	52460112
https://bugcrowd.com/opsgenie	https://github.com/opsgenie	1818843
https://bugcrowd.com/optimizely	https://github.com/optimizely	1274132
https://bugcrowd.com/orderlynetwork-mbb-og	https://github.com/OrderlyNetwork	116062758
https://bugcrowd.com/originenergy-og1	https://github.com/origin-energy	291707
https://bugcrowd.com/owaspzap	https://github.com/zaproxy	6716868
https://bugcrowd.com/pantheon	https://github.com/Pantheon-SE	66977753
https://bugcrowd.com/pantheon	https://github.com/PantheonEducation	91955422
https://bugcrowd.com/pantheon	https://github.com/nashville-2018-training	37939430
https://bugcrowd.com/pantheon	https://github.com/pantheon-deprecated	20407345
https://bugcrowd.com/pantheon	https://github.com/pantheon-systems	513357
https://bugcrowd.com/pantheon	https://github.com/pantheon-training-org	37940102
https://bugcrowd.com/personalcapital	https://github.com/personalcapital	595934
https://bugcrowd.com/pexels	https://github.com/pexels	12876026
https://bugcrowd.com/phemex	https://github.com/Phemex-com	83537077
https://bugcrowd.com/pinterest	https://github.com/pinterest	541152
https://bugcrowd.com/pixabay	https://github.com/Pixabay	7993082
https://bugcrowd.com/planethosterinc	https://github.com/PlanetHoster	50243797
https://bugcrowd.com/plugin-people	https://github.com/thepluginpeople	152611884
https://bugcrowd.com/privateinternetaccess	https://github.com/pia-foss	36699571
https://bugcrowd.com/prosus-og	https://github.com/ProsusAI	56258180
https://bugcrowd.com/quizlet	https://github.com/guizlet	9360924
https://bugcrowd.com/quizlet	https://github.com/quizlet	616547
https://bugcrowd.com/rapyd	https://github.com/Rapyd-Samples	98024977
https://bugcrowd.com/rapyd	https://github.com/RapydPayments	75251800
https://bugcrowd.com/rarible-ogmbb	https://github.com/rarible	64412063
https://bugcrowd.com/rarible-ogmbb	https://github.com/rariblecom-clone	84646599
https://bugcrowd.com/realself	https://github.com/RealSelf	991957
https://bugcrowd.com/recreation-mbb	-	-
https://bugcrowd.com/recroom-og	-	-
https://bugcrowd.com/redox	https://github.com/100health	7266731
https://bugcrowd.com/redox	https://github.com/RedoxEngine	14003144
https://bugcrowd.com/registrar-dotgov	https://github.com/DotGov	11546478
https://bugcrowd.com/rewind-ogbb	https://github.com/backhub	8232565
https://bugcrowd.com/rewind-ogbb	https://hackerone.com/rewind_io	-
https://bugcrowd.com/securityrocks	https://bugcrowd.com/electroneum	-
https://bugcrowd.com/seek	https://github.com/seek-oss	22927121
https://bugcrowd.com/segment	https://github.com/segmentio	819518
https://bugcrowd.com/sendbird-mbb	https://github.com/SendbirdCommunity	82902508
https://bugcrowd.com/sendbird-mbb	https://github.com/sendbird	5143408
https://bugcrowd.com/sendbird-mbb	https://github.com/sendbird-apps	70284454
https://bugcrowd.com/sendbird-mbb	https://github.com/sendbird-collabs	129488024
https://bugcrowd.com/sendbird-mbb	https://github.com/sendbird-dev	112678437
https://bugcrowd.com/sendbird-mbb	https://github.com/sendbird-graveyard	124756622
https://bugcrowd.com/sendbird-mbb	https://github.com/sendbird-playground	135761573
https://bugcrowd.com/shoppingcart	-	-
https://bugcrowd.com/sisu	https://github.com/sisudata	39202241
https://bugcrowd.com/skroutz	https://github.com/Skroutz-Last-Mile	115005576
https://bugcrowd.com/skroutz	https://github.com/skroutz	285550
https://bugcrowd.com/skroutz	https://github.com/skroutz-internal	99963249
https://bugcrowd.com/skyscanner	https://github.com/Skyscanner	522811
https://bugcrowd.com/smartmockups	https://github.com/Smartmockups	65739224
https://bugcrowd.com/snapnames	-	-
https://bugcrowd.com/sophos	https://github.com/sophos	3317492
https://bugcrowd.com/sophos	https://github.com/sophos-cybersecurity	25325132
https://bugcrowd.com/sophos	https://github.com/sophos-iaas	20109737
https://bugcrowd.com/sophos	https://github.com/sophoslabs	40878494
https://bugcrowd.com/soundcloud	https://github.com/soundcloud	21021
https://bugcrowd.com/spacex	https://github.com/spacexcorp	71109878
https://bugcrowd.com/square	-	-
https://bugcrowd.com/squareopensource	https://github.com/square	82592
https://bugcrowd.com/statuspage	https://github.com/StatusPage	3740585
https://bugcrowd.com/stellantis	https://github.com/Stellantis	22168041
https://bugcrowd.com/step-public	-	-
https://bugcrowd.com/stiltsoft	-	-
https://bugcrowd.com/t-mobile	https://github.com/Sprint	10292919
https://bugcrowd.com/t-mobile	https://github.com/T-MobileNL	19837087
https://bugcrowd.com/t-mobile	https://github.com/t-mobilenetherlands	22912207
https://bugcrowd.com/t-mobile	https://github.com/tmobile	483040
https://bugcrowd.com/takeaway	https://github.com/takeaway	17333465
https://bugcrowd.com/tamedia	https://github.com/DND-IT	19909911
https://bugcrowd.com/tamedia	https://github.com/tamedia	24531796
https://bugcrowd.com/tamedia	https://github.com/tamedia-ddj	35067505
https://bugcrowd.com/tamedia	https://github.com/tamedia-tech	98525623
https://bugcrowd.com/tesla	https://github.com/teslamotors	3066035
https://bugcrowd.com/thousandeyes-og	https://github.com/thousandeyes	307302
https://bugcrowd.com/thousandeyes-og	https://github.com/thousandeyes-cs	44446835
https://bugcrowd.com/thousandeyes-og	https://github.com/thousandeyes-interviews	102826903
https://bugcrowd.com/thousandeyes-og	https://github.com/thousandeyes-it-sandbox	95891637
https://bugcrowd.com/tidal-bugbounty	https://github.com/tidal-engineering	21057574
https://bugcrowd.com/tidal-bugbounty	https://github.com/tidal-music	104563823
https://bugcrowd.com/trello	https://github.com/trello	6181431
https://bugcrowd.com/tripadvisor-bb-og	https://github.com/tripadvisor	191241
https://bugcrowd.com/twentyminuten	https://github.com/20Minuten	11677997
https://bugcrowd.com/twentythree-and-me	https://github.com/23andMe	1323264
https://bugcrowd.com/twentythree-and-me	https://github.com/23andMeLabs	59028569
https://bugcrowd.com/twentythree-and-me	https://github.com/23andme-private	59064828
https://bugcrowd.com/twentythree-and-me	https://github.com/cse110-sp21-group23	82246646
https://bugcrowd.com/twilio	https://github.com/authy	1232630
https://bugcrowd.com/twilio	https://github.com/sendgrid	181234
https://bugcrowd.com/twilio	https://github.com/twilio	109142
https://bugcrowd.com/twilio	https://github.com/twilio-labs	45860984
https://bugcrowd.com/tyler-tech-data-insights	https://github.com/socrata	57695
https://bugcrowd.com/tyler-tech-data-insights	https://github.com/socrata-cookbooks	6232769
https://bugcrowd.com/tyler-tech-data-insights	https://github.com/socrata-platform	12076358
https://bugcrowd.com/underarmour	https://github.com/Endomondo	1206973
https://bugcrowd.com/underarmour	https://github.com/mapmyfitness	1426322
https://bugcrowd.com/underarmour	https://github.com/ua-it	66081225
https://bugcrowd.com/underarmour	https://github.com/underarmour	10632617
https://bugcrowd.com/underarmour-corp	-	-
https://bugcrowd.com/unity	https://github.com/Unity-Technologies	426196
https://bugcrowd.com/unity	https://github.com/UnityTech	250106
https://bugcrowd.com/unity	https://github.com/UnityTechnologies	13039680
https://bugcrowd.com/unity	https://github.com/unity-cn	19179512
https://bugcrowd.com/unity	https://github.com/unity3d-jp	1326761
https://bugcrowd.com/upwork	https://github.com/upwork	11737042
https://bugcrowd.com/usaa	https://github.com/usaa	25177504
https://bugcrowd.com/verisign	https://github.com/verisign	1153035
https://bugcrowd.com/veve-og	-	-
https://bugcrowd.com/viator	https://github.com/viatorinc	19563940
https://bugcrowd.com/vox	-	-
https://bugcrowd.com/webdotcom	-	-
https://bugcrowd.com/westernunion	-	-
https://bugcrowd.com/whatfix	-	-
https://bugcrowd.com/whmcs	https://github.com/WHMCS	6339878
https://bugcrowd.com/wise	https://github.com/transferwise	9465219
https://bugcrowd.com/woo-network	https://github.com/woonetwork	87958908
https://bugcrowd.com/wyze	https://github.com/Wyze-XXX	47520426
https://bugcrowd.com/wyze	https://github.com/wyzelabs-inc	49417549
https://bugcrowd.com/x-series	https://github.com/LightspeedHQ	28575763
https://bugcrowd.com/x-series	https://github.com/LightspeedServices	17436890
https://bugcrowd.com/x-series	https://github.com/gottagolightspeed	106494949
https://bugcrowd.com/x-series	https://github.com/lightspeed	28817581
https://bugcrowd.com/x-series	https://github.com/lightspeed-b2b	105718219
https://bugcrowd.com/x-series	https://github.com/lightspeed-hospitality	67007950
https://bugcrowd.com/x-series	https://github.com/lightspeed-payments	81386408
https://bugcrowd.com/x-series	https://github.com/lightspeedretail	737404
https://bugcrowd.com/x-series	https://github.com/merchantos	530958
https://bugcrowd.com/xfinity-home	https://github.com/Comcast	709212
https://bugcrowd.com/yat-og	https://github.com/yat-labs	81558894
https://bugcrowd.com/ynab	https://github.com/ynab	4987767
https://bugcrowd.com/zola-mbb-og	https://github.com/NewAmsterdamLabs	4576357
