https://bugrap.io/bounties/Bifrost	https://immunefi.com/bounty/bifrostfinance	-
https://bugrap.io/bounties/BigONE	https://hackenproof.com/bigone-global-exchange/bigone-global-exchange	-
https://bugrap.io/bounties/BitKeep	https://github.com/bitkeepwallet	117051857
https://bugrap.io/bounties/BitMake	-	-
https://bugrap.io/bounties/Bitget	https://bugcrowd.com/bitget-og	-
https://bugrap.io/bounties/Bitget%20Wallet%20(Formerly%20BitKeep)	https://github.com/bitkeepwallet	117051857
https://bugrap.io/bounties/Bitizen	https://github.com/Bitizen	5906610
https://bugrap.io/bounties/Bitizen	https://github.com/BitizenWallet	92505133
https://bugrap.io/bounties/Bitizen	https://github.com/bitizenorg	119913346
https://bugrap.io/bounties/Cobo	https://github.com/CoboCustody	86287068
https://bugrap.io/bounties/Cobo	https://github.com/CoboGlobal	108502427
https://bugrap.io/bounties/Cobo	https://github.com/CoboVault	64053751
https://bugrap.io/bounties/Cobo	https://github.com/cobowallet	37292736
https://bugrap.io/bounties/Coin98	https://hackenproof.com/coin98/coin98	-
https://bugrap.io/bounties/CoolWallet	https://bugcrowd.com/coolbitx-mbb	-
https://bugrap.io/bounties/CoolWallet	https://github.com/CoolWallet	10528203
https://bugrap.io/bounties/Cregis	https://github.com/0xcregis	53323997
https://bugrap.io/bounties/DeBox	https://github.com/DeBoxLove	126640407
https://bugrap.io/bounties/DeBox	https://github.com/debox-pro	117019290
https://bugrap.io/bounties/Degis	https://github.com/Degis-Insurance	86655085
https://bugrap.io/bounties/DigiFT	-	-
https://bugrap.io/bounties/HOPE	-	-
https://bugrap.io/bounties/HashKey%20DID	https://github.com/hashkeydid	111266424
https://bugrap.io/bounties/HashKey%20Exchange	https://bugrap.io/bounties/HashKey%20DID	-
https://bugrap.io/bounties/Increment%20Finance	https://github.com/IncrementFi	90100580
https://bugrap.io/bounties/InsurAce	https://github.com/InsurAce	71125784
https://bugrap.io/bounties/InsurAce	https://github.com/InsurAce-Protocol	75518745
https://bugrap.io/bounties/JOJO	https://immunefi.com/bounty/jojo	-
https://bugrap.io/bounties/KNN3	https://github.com/KNN3-Network	105061367
https://bugrap.io/bounties/LBank	-	-
https://bugrap.io/bounties/Lybra%20Finance	https://immunefi.com/bounty/lybrafinance	-
https://bugrap.io/bounties/ME%20Wallet	https://github.com/AstroxNetwork	84609221
https://bugrap.io/bounties/MUFEX	https://github.com/MUFEX-Exchange	133495796
https://bugrap.io/bounties/Mask	https://github.com/DimensionDev	39396545
https://bugrap.io/bounties/Mexc	-	-
https://bugrap.io/bounties/Next.ID	https://github.com/nextdotid	93512006
https://bugrap.io/bounties/OneKey	https://github.com/OneKeyHQ	61685601
https://bugrap.io/bounties/P12	-	-
https://bugrap.io/bounties/PlatON	https://github.com/PlatONnetwork	45847658
https://bugrap.io/bounties/Rabby%20Wallet	https://github.com/RabbyHub	84845472
https://bugrap.io/bounties/Safeheron	https://github.com/Safeheron	87055632
https://bugrap.io/bounties/Sender	https://github.com/SenderWallet	93973527
https://bugrap.io/bounties/Struct%20Finance	https://github.com/struct-defi	92847614
https://bugrap.io/bounties/Sumer	https://github.com/meterio	50934298
https://bugrap.io/bounties/TokenPocket	https://github.com/TP-Lab	40916192
https://bugrap.io/bounties/TokenPocket	https://github.com/tokenbankteam	34956104
https://bugrap.io/bounties/Tokenlon	https://github.com/tokenlon	106644979
https://bugrap.io/bounties/Transit%20swap	https://github.com/Transit-Finance	86590995
https://bugrap.io/bounties/ZKSAFE	https://github.com/ZKSAFE	113496065
https://bugrap.io/bounties/Zenlink	https://immunefi.com/bounty/zenlink	-
https://bugrap.io/bounties/imToken%20Wallet	https://github.com/consenlabs	19341221
https://bugrap.io/bounties/imToken%20Wallet	https://github.com/imToken-Online-Judge	106644434
https://bugrap.io/bounties/imToken%20Wallet	https://github.com/imtoken	24878787
https://bugrap.io/bounties/imToken%20Website	https://bugrap.io/bounties/imToken%20Wallet	-
