http://bugbounty.whale.naver.com	https://github.com/NaverCloudPlatform	34295687
http://bugbounty.whale.naver.com	https://github.com/clovaai	48815312
http://bugbounty.whale.naver.com	https://github.com/naver	6589568
http://bugbounty.whale.naver.com	https://github.com/navermaps	19929564
http://bugbounty.whale.naver.com	https://github.com/navervision	65340940
http://corp.wamba.com/en/developer/security/#form	https://github.com/mambaru	941679
http://en.security.tencent.com/	https://github.com/BuglyDevTeam	13114220
http://en.security.tencent.com/	https://github.com/CFETeam	11834172
http://en.security.tencent.com/	https://github.com/Tencent	18461506
http://en.security.tencent.com/	https://github.com/Tencent-CloudEDU	40755987
http://en.security.tencent.com/	https://github.com/Tencent-YouTu	12813327
http://en.security.tencent.com/	https://github.com/TencentAd	65696149
http://en.security.tencent.com/	https://github.com/TencentCloud	20101770
http://en.security.tencent.com/	https://github.com/TencentCloudBase	40630849
http://en.security.tencent.com/	https://github.com/TencentCloudBase-Marketplace	73511984
http://en.security.tencent.com/	https://github.com/TencentCloudContainerTeam	44293737
http://en.security.tencent.com/	https://github.com/TencentCloudES	55006470
http://en.security.tencent.com/	https://github.com/TencentSDK	23164259
http://en.security.tencent.com/	https://github.com/tencent-alchemy	50134103
http://en.security.tencent.com/	https://github.com/tencentcloudplatform	29638149
http://en.security.tencent.com/	https://github.com/tencentcloudstack	68363092
http://en.security.tencent.com/	https://github.com/tencentmusic	53810446
http://en.security.tencent.com/	https://github.com/tencentyun	12334581
http://en.security.tencent.com/	https://github.com/terraform-tencentcloud-modules	51739420
http://en.security.tencent.com/	https://github.com/tvfe	13795514
http://perldoc.perl.org/perlsec.html#SECURITY-VULNERABILITY-CONTACT-INFORMATION	https://github.com/Perl	3585411
http://support.quadency.com/en/articles/2869964-bug-bounty-program	https://github.com/quadency	37308041
http://www.avast.com/bug-bounty	https://github.com/avast	3996079
http://www.avast.com/bug-bounty	https://github.com/avast-tl	34161245
http://www.avast.com/bug-bounty	https://github.com/locationlabs	477786
http://www.city-data.com/bug-bounty.html	-	-
http://www.google.com/about/appsecurity/reward-program/	https://www.google.com/about/appsecurity/	-
http://www.hex-rays.com/bugbounty.shtml	-	-
http://www.independer.nl/algemeen/info/responsible-disclosure.aspx	https://github.com/Independer	25354846
http://www.olark.com/customer/portal/articles/1237352	https://github.com/olark	107554
http://www.riotgames.com/riot-games-security	https://github.com/RiotGames	910843
https://305.nl/en/terms-and-conditions/security/	-	-
https://airvpn.org/security_policy/	-	-
https://alscotoday.com/go/bug	-	-
https://app.usabilityhub.com/security/responsible_disclosure	https://github.com/usabilityhub	16235092
https://ark.io/blog/ark-development-and-security-bounty-program-arkio-blog	https://github.com/ArkEcosystem	22457396
https://asana.com/bounty	https://github.com/Asana	1472111
https://augur.net/blog/v2-bug-bounty/	https://github.com/AugurProject	9636524
https://azimo.com/en/lp/responsible-disclosure	https://github.com/AzimoLabs	16606655
https://bitcoingold.org/responsible-disclosure/	https://github.com/BTCGPU	30379205
https://bladestorm.zendesk.com/hc/en-us/articles/360010393497-Bug-Bounty-Program	-	-
https://blog.airswap.io/airswap-bug-bounty-4d7ec41f3ea7	https://github.com/airswap	26823563
https://blog.aragon.org/aragon-network-bug-bounty/	https://github.com/aragon	24612534
https://bounty.decred.org/	https://github.com/dcrlabs	25960339
https://bounty.decred.org/	https://github.com/decred	16297194
https://bounty.ethereum.org/	https://github.com/ChainSafe	27474093
https://bounty.ethereum.org/	https://hackerone.com/ethereum	-
https://bounty.github.com/	https://hackerone.com/github	-
https://bounty.mit.edu/	-	-
https://bounty.tokopedia.net/rules	-	-
https://bugbounty.att.com/	https://hackerone.com/att	-
https://bugbounty.linecorp.com/en/	https://hackerone.com/line	-
https://bugbounty.livesport.eu/docs/Vulnerability%20Disclosure%20Policy.pdf	https://github.com/livesport	26351404
https://bugbounty.livesport.eu/docs/Vulnerability%20Disclosure%20Policy.pdf	https://github.com/livesport-tv	70689320
https://bugbounty.paytm.com/	https://github.com/Paytm-Payments	16753985
https://bugbounty.paytm.com/	https://github.com/PaytmLabs	10444211
https://bugbounty.paytm.com/	https://github.com/paytm	1472420
https://bugbounty.prezi.com/	https://hackerone.com/prezi	-
https://bugbounty.zoho.com/bb/info#guide	https://github.com/ZohoDevelopers	23169486
https://bugbounty.zoho.com/bb/info#guide	https://github.com/ZohoPlugin	18190347
https://bugs.php.net/report.php?bug_type=Security	https://github.com/php	25158
https://chocolatey.org/security	https://github.com/chocolatey	811025
https://clause.io/security	https://github.com/clauseHQ	15165167
https://clenergy.com/de/cyber-security-policy/?lang=en	-	-
https://cloudcannon.com/bug-bounty/	https://github.com/CloudCannon	9701744
https://coinapp.zendesk.com/hc/en-us/articles/115001730468-Does-CoinSpace-have-a-bug-bounty-program-	https://github.com/CoinSpace	1421564
https://coinbase.com/whitehat	-	-
https://coinsbit.io/ru/privacy-policy	-	-
https://corp.shapeshift.io/responsible-disclosure-program/	-	-
https://corporate.walmart.com/article/responsible-disclosure-policy	https://github.com/asda-mobile	52214767
https://corporate.walmart.com/article/responsible-disclosure-policy	https://github.com/hayneedle	67350159
https://corporate.walmart.com/article/responsible-disclosure-policy	https://github.com/walmart	5078418
https://corporate.walmart.com/article/responsible-disclosure-policy	https://github.com/walmartlabs	768298
https://corporate.walmart.com/article/responsible-disclosure-policy	https://github.com/walmartlabs-archive	30750388
https://corporate.walmart.com/article/responsible-disclosure-policy	https://github.com/walmartlabs-asdaios	4030729
https://corporate.walmart.com/privacy-security	https://corporate.walmart.com/article/responsible-disclosure-policy	-
https://count.ly/.well-known/security.txt	https://github.com/Countly	1756970
https://cpanel.net/cpanel-security-bounty-program/	https://github.com/CpanelInc	549400
https://cpanel.net/cpanel-security-bounty-program/	https://github.com/cpanel	206167
https://cr.yp.to/qmail/guarantee.html	-	-
https://debricked.com/report-a-vulnerability/	https://github.com/debricked	40488434
https://debricked.com/report-a-vulnerability/	https://github.com/debricked-cli	72747990
https://definityinc.com/bug-bounty-program/	-	-
https://dev.zilliqa.com/docs/contributors/contribute-bug-bounty/	https://hackerone.com/zilliqa	-
https://developer.apple.com/security-bounty/	https://github.com/apple	10639145
https://developer.apple.com/security-bounty/	https://github.com/apple-oss-distributions	91919287
https://developer.apple.com/security-bounty/	https://github.com/appleopen	51507747
https://developer.joomla.org/security.html	https://github.com/joomla	751633
https://developer.joomla.org/security.html	https://github.com/joomla-extensions	6154991
https://developers.rsk.co/contribute/bug-bounty-program/	https://hackerone.com/iovlabs	-
https://digitalhealthcompliance.com/disclosure-en/	-	-
https://docs.0x.org/developer-resources/bounties	https://github.com/0xProject	24832717
https://docs.across.to/v/developer-docs/additional-info/bug-bounty	https://github.com/across-protocol	93779808
https://docs.ens.domains/bug-bounty-program	https://github.com/ensdomains	34167658
https://docs.floor.xyz/v/en/protocol/bug-bounty	https://github.com/FloorDAO	96176822
https://docs.frax.finance/smart-contracts/miscellaneous	https://github.com/FraxFinance	56005256
https://docs.frax.finance/smart-contracts/miscellaneous	https://github.com/decentralbanknetwork	47233466
https://docs.gitcoin.co/mk_securitybounty/	https://github.com/dcgtc	86365349
https://docs.gitcoin.co/mk_securitybounty/	https://github.com/gitcoinco	30044474
https://docs.google.com/document/d/1uONlnLYC55398Y2EfyIJu5jRzf4qGa3tJvKlXfLp9MY/view	https://github.com/birdrides	38507130
https://docs.multichain.org/security/bug-bounty	https://github.com/anyswap	67252237
https://docs.szns.io/smart-contracts/bug-bounty	https://github.com/NFTree	116753121
https://dragonex.zendesk.com/hc/en-us/articles/360036938832-BUG-Bounty-Program	-	-
https://eligible.com/responsible_disclosure_program	https://github.com/EligibleAPI	2401595
https://eligible.com/responsible_disclosure_program	https://github.com/eligible	14228934
https://emberjs.com/security/	https://github.com/emberjs	1253363
https://en.outscale.com/reporting-vulnerabilities/	https://yeswehack.com/programs/outscale	-
https://etherscan.io/bugbounty	https://github.com/etherscan	26205098
https://eurid.eu/lv/other-infomation/eurid-responsible-disclosure-policy/	https://app.intigriti.com/programs/eurid/eurid/detail	-
https://explore.researchgate.net/display/support/Security+and+vulnerability	https://github.com/researchgate	1073651
https://ferm-rotterdam.nl/nl/responsible-disclosure-statement	-	-
https://flow.com/flow-responsible-disclosure	https://github.com/onflow	62387156
https://flowcrypt.com/docs/technical/bug-bounty.html	https://github.com/FlowCrypt	28631236
https://fusion.org/bounty/#bugs	https://github.com/FUSIONFoundation	35093850
https://g.co/vrp	https://github.com/firebase	1335026
https://gcore.com/bug-bounty-program/	https://github.com/g-core	24672571
https://getdpd.com/security/	-	-
https://ghostscript.com/Bug_bounty_program.html	https://github.com/ArtifexSoftware	13031723
https://github.com/18F/vulnerability-disclosure-policy/blob/master/vulnerability-disclosure-policy.md	https://hackerone.com/gsa_bbp	-
https://github.com/BTCGPU/Developer-Portal/blob/master/responsible-disclosure.md	https://bitcoingold.org/responsible-disclosure/	-
https://github.com/Proof-Of-Humanity/Proof-Of-Humanity/issues/54	https://github.com/Proof-Of-Humanity	59021795
https://github.com/flashbots/mev-boost/blob/main/SECURITY.md	https://github.com/flashbots	71380475
https://github.com/grafana/bugbounty	https://github.com/grafana	7195757
https://github.com/iotaledger/iota-java/blob/dev/.github/SECURITY.md	https://github.com/iotaledger	20126597
https://github.com/ipfs/go-ipfs#security-issues	https://github.com/ipfs	10536621
https://github.com/ipfs/go-ipfs#security-issues	https://github.com/ipfs-examples	85557634
https://github.com/ipfs/go-ipfs#security-issues	https://github.com/ipfs-inactive	63404937
https://github.com/ipfs/go-ipfs#security-issues	https://github.com/ipfs-shipyard	28269663
https://github.com/solana-labs/solana/security/policy	https://github.com/Solana	1443677
https://github.com/solana-labs/solana/security/policy	https://github.com/solana-developers	93691676
https://github.com/solana-labs/solana/security/policy	https://github.com/solana-foundation	58729655
https://github.com/solana-labs/solana/security/policy	https://github.com/solana-labs	35608259
https://global.bose.com/en_us/product_security_vulnerability_response.html	https://github.com/Bose	19961340
https://global.bose.com/en_us/product_security_vulnerability_response.html	https://github.com/BoseCorp	5016396
https://global.bose.com/en_us/product_security_vulnerability_response.html	https://github.com/bosedevs	49167437
https://gocardless.com/faq/merchants/security/	https://github.com/gocardless	790629
https://gocardless.com/faq/merchants/security/	https://github.com/gocardless-client	5413204
https://gocardless.com/faq/merchants/security/	https://github.com/gocardless-ng	5373045
https://grofers.com/bug-bounty	https://github.com/grofers	8791674
https://guide.kusama.network/docs/kusama-bug-bounty/	https://github.com/paritytech	14176906
https://hackerone.com/twitch	https://github.com/TwitchScience	8139387
https://hackerone.com/twitch	https://github.com/twitchdev	26467327
https://hackerone.com/twitch	https://github.com/twitchtv	1795021
https://help.dozuki.com/Info/Responsible_Disclosure	https://github.com/Dozuki	6609768
https://help.medium.com/hc/en-us/articles/213481308-Bug-Bounty-Disclosure-Program	https://github.com/Medium	923954
https://help.medium.com/hc/en-us/articles/213481308-Bug-Bounty-Disclosure-Program	https://github.com/embedly	218025
https://help.selz.com/article/217-security-escalation	https://github.com/Selz	122231209
https://help.smartling.com/hc/en-us/articles/360008147833-Bug-Bounty-Policy	https://github.com/Smartling	1492945
https://hitbtc.com/bug-report	https://github.com/HITBTC-Arrange	46569513
https://home.bluesnap.com/security-bounty/	https://github.com/bluesnap	17125871
https://hunter.io/security-bounty-program	https://github.com/hunter-io	12171627
https://immutablesoft.github.io/ImmutableEcosystem/	-	-
https://infstones.com/blog/education/introducing-the-blocguardians-bug-bounty-program-654e723bd9afaf003e44fdea	https://github.com/InfStones-com	39546647
https://ironcorelabs.com/trust-center/bug-bounty-program	https://github.com/IronCoreLabs	11394047
https://jackaldao.medium.com/announcement-jackal-bug-bounty-program-31d4e03ab7e2	https://github.com/JackalLabs	107951994
https://jd-services.eu/vdp/	https://github.com/jd-services	74158202
https://jumplead.com/about/security	https://github.com/Jumplead	6113448
https://kissflow.com/responsible-disclosure/	https://github.com/OrangeScape	454231
https://kissflow.com/responsible-disclosure/	https://github.com/kissflow	9839027
https://krisp.ai/security/	-	-
https://kubernetes.io/security	https://hackerone.com/kubernetes	-
https://layerzero.gitbook.io/docs/bug-bounty/bug-bounty-program	https://github.com/LayerZero-Labs	90789833
https://leetcode.com/bugbounty/	https://github.com/LeetCode-OpenSource	41718343
https://leetcode.com/bugbounty/	https://github.com/leetcode	37351657
https://leetcode.com/bugbounty/	https://github.com/leetcode-js	52997525
https://lisk.io/bug-bounty-program	https://github.com/LiskHQ	16600915
https://lisk.io/bug-bounty-program	https://github.com/liskcenterutrecht	54061777
https://managewp.com/white-hat-reward	https://github.com/ManageWP	6010192
https://medium.com/chainrift/chainrift-launches-bug-bounty-program-6255eb2d518d	-	-
https://medium.com/the-os-university-blog/os-university-smart-contracts-are-live-edu-token-bug-bounty-reward-awaits-you-27c1de006249	https://github.com/OpenSourceUniversity	13076002
https://mega.co.nz/#blog_6	https://hackerone.com/megaprivacy	-
https://mujs.com/security.html	-	-
https://mybb.com/get-involved/security/	https://github.com/mybb	328641
https://myemma.com/trust/report-a-vulnerability/	https://github.com/myemma	590316
https://namshi.com/security/	https://github.com/namshi	2181945
https://nginx.org/en/security_advisories.html	https://hackerone.com/ibb	-
https://nowpayments.io/doc/NOWPayments_BugBounty_program.pdf	https://github.com/NOWPaymentsGitHub	75040987
https://onfo.zendesk.com/hc/en-us/articles/360025769031-Bug-Bounty-Program	https://github.com/onfocoin	53832176
https://parkhub.com/policy.txt	https://github.com/parkhub	3768868
https://pathao.com/bug-bounty/	https://github.com/pathao-eng	46704481
https://plisio.net/bug-bounty	https://hackenproof.com/plisio/plisio	-
https://protonmail.com/blog/protonmail-bug-bounty-program/	https://github.com/ProtonMail	6953970
https://protonmail.com/blog/responsible-vulnerability-disclosure/	-	-
https://protonvpn.com/blog/bug-bounty-program/	https://github.com/ProtonVPN	25028530
https://qtrade.io/bug_bounty	https://github.com/qtrade-exchange	43971484
https://qtrade.io/bug_bounty	https://github.com/qtrade-fe	54393451
https://quantstamp.com/legal/responsible-disclosure	https://github.com/quantstamp	30974158
https://reportgarden.com/responsible-disclosure/	https://github.com/ReportGarden	12379439
https://rewind.com/legal/vulnerability-disclosure-policy/	https://github.com/rewindio	16769475
https://ripple.com/bug-bounty/	https://github.com/ripple	3165523
https://ripple.com/bug-bounty/	https://github.com/ripplelabsbounties	7854565
https://rockset.com/legal/responsible-disclosure-policy/	https://github.com/rockset	20976299
https://samsungtvbounty.com/ReportBug.aspx	https://hackerone.com/samsungmobile	-
https://scrapinghub.com/responsible-disclosure-policy/	https://github.com/scrapinghub	699596
https://secrethub.io/security/responsible-disclosure/	https://github.com/secrethub	25981882
https://securiti.ai/security/	-	-
https://security.alibaba.com/	https://hackerone.com/alibaba	-
https://security.bytedance.com/media/score-standard/Vulnerability_Rewards_Program.pdf	https://github.com/ByteES	74184117
https://security.bytedance.com/media/score-standard/Vulnerability_Rewards_Program.pdf	https://github.com/bytedance	4158466
https://security.bytedance.com/media/score-standard/Vulnerability_Rewards_Program.pdf	https://github.com/bytedance-edge-computing	74047977
https://security.dji.com/policy?lang=en_US	https://github.com/DJI-Mobile-SDK-Tutorials	13310852
https://security.dji.com/policy?lang=en_US	https://github.com/RoboMaster	35285277
https://security.dji.com/policy?lang=en_US	https://github.com/dji-sdk	11917623
https://security.filecoin.io/bug-bounty/	https://github.com/filecoin-project	22014611
https://security.filecoin.io/bug-bounty/	https://github.com/filecoin-shipyard	54015718
https://security.linkedin.com/vulnerabilty-disclosure	https://github.com/LinkedIn-Data-Scientist-and-Analyst	137864894
https://security.linkedin.com/vulnerabilty-disclosure	https://github.com/LinkedIn-HFUS	90007066
https://security.linkedin.com/vulnerabilty-disclosure	https://github.com/LinkedIn-Multiproducts	55213015
https://security.linkedin.com/vulnerabilty-disclosure	https://github.com/LinkedInAttic	38112394
https://security.linkedin.com/vulnerabilty-disclosure	https://github.com/LinkedInLearning	28577987
https://security.linkedin.com/vulnerabilty-disclosure	https://github.com/li-egrp	50497667
https://security.linkedin.com/vulnerabilty-disclosure	https://github.com/linkedin	357098
https://security.linkedin.com/vulnerabilty-disclosure	https://github.com/linkedin-developers	48452434
https://security.linkedin.com/vulnerabilty-disclosure	https://github.com/linkedin-nyc	18022023
https://security.linkedin.com/vulnerabilty-disclosure	https://github.com/linkedinlabs	47161993
https://security.midas.network/reporting	-	-
https://security.oneplus.com/noticedetails.html?noticeId=20191565338585128	-	-
https://security.remitano.com/	https://github.com/remitano	11909623
https://security.samsungmobile.com/securityReporting.smsb	https://hackerone.com/samsungmobile	-
https://silvergoldbull.com/bug-bounty/	-	-
https://slack.com/report-vulnerability	https://hackerone.com/slack	-
https://snyk.io/docs/security	https://github.com/SNYK-SE	33134926
https://snyk.io/docs/security	https://github.com/snyk	12959162
https://snyk.io/docs/security	https://github.com/snyk-bizops	84828466
https://snyk.io/docs/security	https://github.com/snyk-code-support	78825785
https://snyk.io/docs/security	https://github.com/snyk-gtm-automation	78281218
https://snyk.io/docs/security	https://github.com/snyk-it	73139923
https://snyk.io/docs/security	https://github.com/snyk-labs	47793611
https://snyk.io/docs/security	https://github.com/snyk-marketing	77294156
https://snyk.io/docs/security	https://github.com/snyk-partners	39300193
https://snyk.io/docs/security	https://github.com/snyk-playground	36450831
https://snyk.io/docs/security	https://github.com/snyk-sandbox	45196845
https://snyk.io/docs/security	https://github.com/snyk-snippets	120304284
https://snyk.io/docs/security	https://github.com/snyk-tech-services	60094082
https://snyk.io/docs/security	https://github.com/snyk-terraform-assets	127957428
https://snyk.io/docs/security	https://github.com/snyk-workshops	125677496
https://sociality.io/security/#responsible-disclosure/	-	-
https://staked.us/bug-bounty/	https://github.com/Stakedllc	38704373
https://stripe.com/docs/security/stripe	https://hackerone.com/stripe	-
https://studo.com/at/security	https://github.com/studoverse	17342619
https://support.bitpay.com/hc/en-us/articles/204229369-Does-BitPay-have-a-bug-bounty-program-	https://github.com/bitpay	2554930
https://support.kaspersky.com/vulnerability	https://github.com/KasperskyCareer	78093401
https://support.kaspersky.com/vulnerability	https://github.com/KasperskyLab	20599646
https://support.newdex.net/hc/en-us/articles/360046715092-Defibox-launches-bug-bounty-program-officially	-	-
https://support.plex.tv/articles/reporting-security-issues/	https://github.com/plexinc	324832
https://support.plex.tv/articles/reporting-security-issues/	https://github.com/plexinc-agents	353676
https://support.plex.tv/articles/reporting-security-issues/	https://github.com/plexinc-plugins	347847
https://support.signal.org/hc/en-us/articles/360007320791-How-can-I-report-a-security-vulnerability-	https://github.com/signalapp	702459
https://support.udemy.com/hc/en-us/articles/229232627-Report-a-Security-Vulnerability	https://hackerone.com/udemy	-
https://technet.microsoft.com/en-us/security/dn800983	https://www.microsoft.com/en-us/msrc/bounty-microsoft-cloud	-
https://telegram.org/faq#q-what-if-my-hacker-friend-says-they-could-decipher-telegram-mes	https://github.com/DrKLO	69369
https://telegram.org/faq#q-what-if-my-hacker-friend-says-they-could-decipher-telegram-mes	https://github.com/TelegramMessenger	22377696
https://telegram.org/faq#q-what-if-my-hacker-friend-says-they-could-decipher-telegram-mes	https://github.com/evgeny-nadymov	35691059
https://telegram.org/faq#q-what-if-my-hacker-friend-says-they-could-decipher-telegram-mes	https://github.com/overtake	1260850
https://telegram.org/faq#q-what-if-my-hacker-friend-says-they-could-decipher-telegram-mes	https://github.com/tdlib	34513022
https://telegram.org/faq#q-what-if-my-hacker-friend-says-they-could-decipher-telegram-mes	https://github.com/telegramdesktop	6113871
https://telegram.org/faq#q-what-if-my-hacker-friend-says-they-could-decipher-telegram-mes	https://github.com/zhukov	775173
https://tezos.foundation/security/	https://gitlab.com/tezos	-
https://tls.mbed.org/bug-bounty-program	https://github.com/Mbed-TLS	97226525
https://tls.mbed.org/c-library-bug-bounty-program	https://github.com/ARMmbed	8916057
https://trezor.io/security/	https://github.com/trezor	4146447
https://tron.network/findBug	https://hackerone.com/tron_dao	-
https://tumblr.zendesk.com/hc/en-us/articles/234583348-Bug-Bounty-Program	https://github.com/TumblrArchive	20303923
https://tumblr.zendesk.com/hc/en-us/articles/234583348-Bug-Bounty-Program	https://github.com/tumblr	366151
https://ubuntu.com/security/disclosure-policy	https://github.com/CanonicalLtd	7490288
https://ubuntu.com/security/disclosure-policy	https://github.com/canonical	53057619
https://ubuntu.com/security/disclosure-policy	https://github.com/canonical-design	31859856
https://ubuntu.com/security/disclosure-policy	https://github.com/canonical-field-engineering	38258149
https://ubuntu.com/security/disclosure-policy	https://github.com/canonical-web-and-design	8777739
https://ubuntu.com/security/disclosure-policy	https://github.com/ubuntu	4604537
https://ui.com/security/	https://hackerone.com/ui	-
https://upserve.com/security/	https://github.com/swipely	58479
https://upserve.com/security/	https://github.com/upserve	19398657
https://vpnarea.com/front/home/bugbounty	-	-
https://wagwalking.com/responsible-disclosure	https://github.com/waglabs	8976723
https://walletconnect.com/.well-known/security.txt	https://github.com/WalletConnect	37784886
https://walletconnect.com/.well-known/security.txt	https://github.com/WalletConnect-Inc	82105217
https://walletconnect.com/.well-known/security.txt	https://github.com/WalletConnect-Labs	45377321
https://walletconnect.com/.well-known/security.txt	https://github.com/walletconnect-pay	50599359
https://web3.foundation/security-report/	https://github.com/w3f	30405397
https://wetransfer.com/legal/disclosure	https://github.com/WeTransfer	14807662
https://wevpn.com/responsible-disclosure	https://github.com/WeVPN	59119508
https://whatbox.ca/policies/security	https://github.com/whatbox	1988549
https://wickr.com/security/bug-bounty/	https://hackerone.com/wickr	-
https://wiki.asterisk.org/wiki/display/AST/Asterisk+Bug+Bounties	https://github.com/asterisk	2914369
https://www.23andme.com/security-report/	https://bugcrowd.com/twentythree-and-me	-
https://www.24sessions.com/responsible-disclosure	https://github.com/24sessions	20795251
https://www.84codes.com/security/	-	-
https://www.abnamro.nl/en/personal/overabnamro/secure-banking/responsible-disclosure.html	https://github.com/abnamrocoesd	15876397
https://www.accredible.com/white_hat/	https://github.com/accredible	7706778
https://www.actility.com/security/	https://github.com/actility	8490251
https://www.adex.network/security-policy.txt	https://github.com/AdExNetwork	94375784
https://www.adp.com/about-adp/data-security.aspx	https://github.com/adplabs	7968474
https://www.adp.com/about-adp/data-security.aspx	https://github.com/adpllc	44278832
https://www.adquick.com/disclosure	https://github.com/adquick	29661073
https://www.agsairports.co.uk/report-a-vulnerability/	-	-
https://www.aholddelhaize.com/en/security/	-	-
https://www.airmiles.nl/responsible-disclosure	-	-
https://www.airship.com/legal/full-disclosure-security-policy/	https://github.com/urbanairship	360059
https://www.alwaysdata.com/en/bug-bounty/	https://github.com/alwaysdata	1856626
https://www.amr.net/site/privacy-policy	https://github.com/AMR-EMS-AMBULANCE-CANYON-COUNTY	58102449
https://www.apache.org/security/	https://hackerone.com/ibb	-
https://www.apnic.net/community/security/apnic-vulnerability-reporting-program/	https://github.com/APNIC-net	4452460
https://www.aquasec.com/trust/security/responsible-disclosure-program/	https://github.com/aquasecurity	12783832
https://www.artsy.net/security	https://github.com/artsy	546231
https://www.atlassian.com/trust/security/report-a-vulnerability	https://bugcrowd.com/atlassian	-
https://www.automox.com/security/responsible-disclosure	https://github.com/Automox-CSM	85704053
https://www.automox.com/security/responsible-disclosure	https://github.com/AutomoxCommunity	44073133
https://www.automox.com/security/responsible-disclosure	https://github.com/AutomoxSecurity	99359629
https://www.automox.com/security/responsible-disclosure	https://github.com/PatchSimple	8964721
https://www.automox.com/security/responsible-disclosure	https://github.com/automox	69155497
https://www.automox.com/security/responsible-disclosure	https://github.com/automox-fh	77851896
https://www.auvik.com/disclosure-policy.html	https://github.com/auvik	3744755
https://www.avanza.se/sakerhet-villkor/sakerhet.html	https://github.com/AvanzaBank	9432610
https://www.avast.com/bug-bounty	https://hackerone.com/avast	-
https://www.avira.com/en/support-vulnerability	https://github.com/Avira	2966007
https://www.backblaze.com/security.html	https://github.com/Backblaze	10283486
https://www.backblaze.com/security.html	https://github.com/Backblaze-B2-Samples	17604039
https://www.bentley.com/legal/bug-bounty-report/	https://www.bentley.com/responsible_disclosure.pdf	-
https://www.bentley.com/responsible_disclosure.pdf	https://github.com/BentleySystems	15690960
https://www.bitdefender.com/bitdefender_vulnerability_disclosure_program.html	https://hackerone.com/bitdefender	-
https://www.bitgo.com/bug-bounty	https://github.com/BitGo	6267684
https://www.bitmex.com/app/security	-	-
https://www.bitski.com/bounty/	https://github.com/BitskiCo	36717558
https://www.bitsoffreedom.nl/coordinated-vulnerability-disclosure-en/	https://github.com/bitsoffreedom	242932
https://www.bitwala.com/security/	https://github.com/bitwala	18031571
https://www.blackbaud.com/security/responsible-disclosure	https://github.com/blackbaud	1738029
https://www.blackbaud.com/security/responsible-disclosure	https://github.com/blackbaud-community	6731476
https://www.bol.com/nl/m/algemeen/kwetsbaarheid-melden/subject/64209061/index.html	https://github.com/bolcom	2914076
https://www.bol.com/nl/m/algemeen/kwetsbaarheid-melden/subject/64209061/index.html	https://github.com/devbolcom	4114522
https://www.bunq.com/assets/media/legal/en/20161114_Responsible_Disclosure_Policy_EN.pdf	https://github.com/bunq	1984681
https://www.bunq.com/assets/media/legal/en/20161114_Responsible_Disclosure_Policy_EN.pdf	https://github.com/bunqCommunity	32871675
https://www.burda-forward.de/en/security/	https://github.com/BurdaForward	28863522
https://www.campaignmonitor.com/trust/report-a-vulnerability/	https://github.com/campaignmonitor	44748
https://www.canva.com/security/bug-bounty/	https://github.com/Canva	2562356
https://www.cert.govt.nz/it-specialists/guides/reporting-a-vulnerability/cert-nz-coordinated-vulnerability-disclosure-policy/	https://github.com/certnz	33886192
https://www.childcare.co.uk/responsible-disclosure-policy	https://github.com/childcare	6045095
https://www.classdojo.com/securitydisclosureprogram/	https://github.com/class-dojo	105009362
https://www.classdojo.com/securitydisclosureprogram/	https://github.com/classdojo	1244013
https://www.clever-cloud.com/security-policy/	https://github.com/CleverCloud	357022
https://www.cloudbees.com/security-policy/	https://hackerone.com/cloudbees	-
https://www.cockroachlabs.com/security/responsible-disclosure-policy/	https://github.com/cockroachdb	6748139
https://www.cockroachlabs.com/security/responsible-disclosure-policy/	https://github.com/cockroachlabs	10891225
https://www.cockroachlabs.com/security/responsible-disclosure-policy/	https://github.com/cockroachlabs-field	64913789
https://www.codeweavers.com/support/wiki/website/security/	-	-
https://www.coinjar.com/bounty	https://github.com/coinjar	4413643
https://www.coinpayments.net/help-bug-bounty	https://hackerone.com/coinpayments	-
https://www.cointracker.io/security	https://github.com/coin-tracker	39571539
https://www.collabim.cz/bezpecnost-collabimu.html	-	-
https://www.conferencebadge.com/security/	https://github.com/ConferenceBadge	3367956
https://www.cosyfeet.com/security-privacy	-	-
https://www.countryfinancial.com/en/privacy-and-security.html	-	-
https://www.crunchbase.com/.well-known/security-policy.txt	https://github.com/crunchbase	3707836
https://www.csfd.cz/vyvojari/	-	-
https://www.defcon.org/html/links/dc-policy.html	-	-
https://www.defiant.com/security/	-	-
https://www.dentrix.com/support/data-security/bug-bounty-program	-	-
https://www.deribit.com/pages/information/bug-bounty-program	-	-
https://www.deskpro.com/security/responsible-disclosure/	https://github.com/deskpro	560182
https://www.devolksbank.nl/veiligheid.html	https://hackerone.com/devolksbank	-
https://www.dnb.nl/en/responsible-disclosure/index.jsp	-	-
https://www.docker.com/legal/security	https://github.com/docker	5429470
https://www.docker.com/legal/security	https://github.com/docker-archive	59890674
https://www.docker.com/legal/security	https://github.com/docker-library	7739233
https://www.dssw.co.uk/readme/security.html	https://github.com/DssW	318333
https://www.duolingo.com/privacy/	https://github.com/Duolingo-s-Team	74678376
https://www.duolingo.com/privacy/	https://github.com/duolingo	908687
https://www.eccouncil.org/bug-bounty/	https://github.com/ec-council-learning	53864074
https://www.edas.info/doc/disclosure.html	-	-
https://www.eset.com/int/security-vulnerability-reporting/	https://github.com/eset	4834527
https://www.etsi.org/standards/coordinated-vulnerability-disclosure	https://github.com/etsi-webinar	78878264
https://www.eveonline.com/news/view/responsible-disclosure-reporting-security-issues	https://github.com/ccpgames	1564566
https://www.exabeam.com/.well-known/security.txt	https://github.com/Exabeam	4923749
https://www.exabeam.com/.well-known/security.txt	https://github.com/ExabeamLabs	39413988
https://www.exabeam.com/.well-known/security.txt	https://github.com/exabeamcloud	39787729
https://www.exoscale.com/security/	https://github.com/exoscale	2023286
https://www.exoscale.com/security/	https://github.com/exoscale-attic	83583146
https://www.exoscale.com/security/	https://github.com/exoscale-labs	45973978
https://www.expediagroup.com/about/privacy-data-handling-requirements/	https://hackerone.com/expediagroup_bbp	-
https://www.f-secure.com/en/business/programs/vulnerability-reward-program	https://github.com/F-Secure	1820812
https://www.f-secure.com/en/business/programs/vulnerability-reward-program	https://github.com/f-secure-foundry	8976131
https://www.f-secure.com/en/business/programs/vulnerability-reward-program	https://github.com/f-secure-japan	54166960
https://www.facebook.com/BugBounty/	https://hackerone.com/facebook	-
https://www.facebook.com/whitehat	https://hackerone.com/facebook	-
https://www.factorialhr.com/security/	https://github.com/factorialco	21041797
https://www.fair.com/bug-bounty	https://github.com/wearefair	20525756
https://www.fanduel.com/security	https://hackerone.com/fanduel	-
https://www.fastmail.com/about/bugbounty.html	https://github.com/fastmail	4554886
https://www.fastmail.com/about/bugbounty.html	https://github.com/fastmailops	13395145
https://www.fastweb.it/corporate/responsible-disclosure/	https://github.com/fastweb-dev-team	64008368
https://www.federacy.com/check	-	-
https://www.federacy.com/federacy	https://github.com/federacy	3166278
https://www.federacy.com/modern-treasury	https://github.com/Modern-Treasury	39248252
https://www.federacy.com/paladin-cyber-bug-bounty	-	-
https://www.federacy.com/renofi	https://github.com/RenoFi	36611928
https://www.federacy.com/revenuecat	https://github.com/RevenueCat	33013347
https://www.federacy.com/revenuecat	https://github.com/RevenueCat-Samples	71095878
https://www.finder.com.au/vulnerability-disclosure-policy	https://github.com/finderau	7016468
https://www.finnie.org/vuln/	https://github.com/finnieda	52585628
https://www.first.org/about/bugs	-	-
https://www.followupboss.com/vulnerability-disclosure-policy	-	-
https://www.forcepoint.com/company/innovation/product-security-report-issue	https://github.com/Forcepoint	22775609
https://www.fusion.org/developers/bug-bounty#bugs	https://github.com/FUSIONFoundation	35093850
https://www.gamma.nl/klantenservice/veiligheid-privacy/responsible-disclosure	-	-
https://www.gamma.nl/responsible-disclosure	-	-
https://www.geekzone.co.nz/content.asp?contentid=105	https://github.com/GeekZoneHQ	14859415
https://www.getonbrd.com/about/privacy	https://github.com/getonbrd	13056083
https://www.getonbrd.com/about/privacy	https://github.com/getonbrd-challenges	68746018
https://www.goldmansachs.com/privacy-and-cookies/global-privacy-policy.html	https://hackerone.com/goldmansachs	-
https://www.google.com/about/appsecurity/	https://github.com/GerritCodeReview	7028910
https://www.google.com/about/appsecurity/	https://github.com/GoogleChrome	1778935
https://www.google.com/about/appsecurity/	https://github.com/GoogleChromeLabs	31970254
https://www.google.com/about/appsecurity/	https://github.com/GoogleCloudBuild	38220399
https://www.google.com/about/appsecurity/	https://github.com/GoogleCloudDataproc	59933973
https://www.google.com/about/appsecurity/	https://github.com/GoogleCloudPlatform	2810941
https://www.google.com/about/appsecurity/	https://github.com/GoogleCloudPlatformTraining	10765046
https://www.google.com/about/appsecurity/	https://github.com/GoogleContainerTools	38444003
https://www.google.com/about/appsecurity/	https://github.com/GoogleTrends	12246185
https://www.google.com/about/appsecurity/	https://github.com/GoogleWebComponents	7328930
https://www.google.com/about/appsecurity/	https://github.com/HiOnduo	36556802
https://www.google.com/about/appsecurity/	https://github.com/Jigsaw-Code	19845815
https://www.google.com/about/appsecurity/	https://github.com/actions-on-google	23533486
https://www.google.com/about/appsecurity/	https://github.com/actions-on-google-labs	55469955
https://www.google.com/about/appsecurity/	https://github.com/android	32689599
https://www.google.com/about/appsecurity/	https://github.com/angular	139426
https://www.google.com/about/appsecurity/	https://github.com/bazelbuild	11684617
https://www.google.com/about/appsecurity/	https://github.com/chromium	30044
https://www.google.com/about/appsecurity/	https://github.com/dart-archive	25019405
https://www.google.com/about/appsecurity/	https://github.com/dart-lang	1609975
https://www.google.com/about/appsecurity/	https://github.com/flutter	14101776
https://www.google.com/about/appsecurity/	https://github.com/forseti-security	48604099
https://www.google.com/about/appsecurity/	https://github.com/fuchsia-mirror	12826430
https://www.google.com/about/appsecurity/	https://github.com/golang	4314092
https://www.google.com/about/appsecurity/	https://github.com/google	1342004
https://www.google.com/about/appsecurity/	https://github.com/google-ar	31216907
https://www.google.com/about/appsecurity/	https://github.com/google-business-communications	67345131
https://www.google.com/about/appsecurity/	https://github.com/google-cloudsearch	45980499
https://www.google.com/about/appsecurity/	https://github.com/google-coral	47798062
https://www.google.com/about/appsecurity/	https://github.com/google-deepmind	8596759
https://www.google.com/about/appsecurity/	https://github.com/google-developer-training	19180220
https://www.google.com/about/appsecurity/	https://github.com/google-github-actions	71461757
https://www.google.com/about/appsecurity/	https://github.com/google-pay	5232468
https://www.google.com/about/appsecurity/	https://github.com/google-research	43830688
https://www.google.com/about/appsecurity/	https://github.com/google-research-datasets	14796310
https://www.google.com/about/appsecurity/	https://github.com/googleads	4551618
https://www.google.com/about/appsecurity/	https://github.com/googleanalytics	4327788
https://www.google.com/about/appsecurity/	https://github.com/googleapis	16785467
https://www.google.com/about/appsecurity/	https://github.com/googlearchive	12502296
https://www.google.com/about/appsecurity/	https://github.com/googleartsculture	36513498
https://www.google.com/about/appsecurity/	https://github.com/googlecast	4933765
https://www.google.com/about/appsecurity/	https://github.com/googlecodelabs	13681719
https://www.google.com/about/appsecurity/	https://github.com/googlecolab	33467679
https://www.google.com/about/appsecurity/	https://github.com/googlecreativelab	4741861
https://www.google.com/about/appsecurity/	https://github.com/googledatastudio	36164477
https://www.google.com/about/appsecurity/	https://github.com/googlefonts	6466306
https://www.google.com/about/appsecurity/	https://github.com/googleforgames	50891674
https://www.google.com/about/appsecurity/	https://github.com/googlegenomics	7434120
https://www.google.com/about/appsecurity/	https://github.com/googleglass	3903843
https://www.google.com/about/appsecurity/	https://github.com/googleknowledge	5694453
https://www.google.com/about/appsecurity/	https://github.com/googlemaps	3717923
https://www.google.com/about/appsecurity/	https://github.com/googleprojectzero	42936221
https://www.google.com/about/appsecurity/	https://github.com/googlers	49722973
https://www.google.com/about/appsecurity/	https://github.com/googlesamples	7378196
https://www.google.com/about/appsecurity/	https://github.com/googlevr	19274818
https://www.google.com/about/appsecurity/	https://github.com/googleworkspace	3708359
https://www.google.com/about/appsecurity/	https://github.com/istio	23534644
https://www.google.com/about/appsecurity/	https://github.com/istio-releases	29259397
https://www.google.com/about/appsecurity/	https://github.com/knative	35583233
https://www.google.com/about/appsecurity/	https://github.com/knative-sandbox	67489671
https://www.google.com/about/appsecurity/	https://github.com/playgameservices	4439547
https://www.google.com/about/appsecurity/	https://github.com/protocolbuffers	26310541
https://www.google.com/about/appsecurity/	https://github.com/quantumlib	31279789
https://www.google.com/about/appsecurity/	https://github.com/tensorflow	15658638
https://www.google.com/about/appsecurity/	https://github.com/terraform-google-modules	37194493
https://www.google.com/about/appsecurity/	https://github.com/verily-src	63378397
https://www.google.com/about/appsecurity/	https://github.com/verilylifesciences	17708884
https://www.google.com/about/appsecurity/android-rewards/	https://www.google.com/about/appsecurity/	-
https://www.google.com/about/appsecurity/chrome-rewards/	https://www.google.com/about/appsecurity/	-
https://www.google.com/about/appsecurity/patch-rewards/index.html	https://www.google.com/about/appsecurity/	-
https://www.google.com/about/appsecurity/reward-program/	https://www.google.com/about/appsecurity/	-
https://www.gov.uk/guidance/report-a-vulnerability-on-an-mod-system	https://github.com/GOVUK	7369414
https://www.gov.uk/guidance/report-a-vulnerability-on-an-mod-system	https://github.com/govuk-one-login	105353241
https://www.gsma.com/aboutus/legal/privacy	https://github.com/GSMA	2514321
https://www.gsma.com/aboutus/legal/privacy	https://github.com/GSMA-CPAS	10808209
https://www.gsma.com/aboutus/legal/privacy	https://github.com/GSMAi	471264
https://www.gsma.com/aboutus/legal/privacy	https://github.com/GSMAraex	34133880
https://www.gsma.com/aboutus/legal/privacy	https://github.com/gsmainclusivetechlab	47753238
https://www.hacktify.eu/en/public-programs/	https://github.com/hacktify	54135858
https://www.hellosign.com/trust/security	https://hackerone.com/dropbox	-
https://www.heroku.com/policy/security	https://github.com/app-json	7739124
https://www.heroku.com/policy/security	https://github.com/heroku	23211
https://www.heroku.com/policy/security	https://github.com/heroku-buildpacks	36898754
https://www.heroku.com/policy/security	https://github.com/heroku-examples	311999
https://www.heroku.com/policy/security	https://github.com/herokumx	13485583
https://www.heroku.com/policy/security	https://github.com/herokumx-team	20133863
https://www.hex-rays.com/bugbounty/	-	-
https://www.home-assistant.io/security/	https://github.com/home-assistant	13844975
https://www.home-assistant.io/security/	https://github.com/home-assistant-community-themes	54588755
https://www.home-assistant.io/security/	https://github.com/home-assistant-libs	63743711
https://www.home.saxo/legal/vulnerability-disclosure-policy/vulnerability-disclosure-policy	https://github.com/SaxoBank	527181
https://www.hostinger.com/responsible-disclosure-policy	https://github.com/hostinger	2630767
https://www.idena.io/contribute#contribute-3-1	https://github.com/idena-lab	65841757
https://www.idena.io/contribute#contribute-3-1	https://github.com/idena-network	47352676
https://www.independer.nl/algemeen/info/responsible-disclosure.aspx	https://github.com/Independer	25354846
https://www.ing.com/ING.com-Security.htm	https://github.com/ing-bank	13854005
https://www.ing.nl/de-ing/veilig-bankieren/fraude-melden/meldpunt-kwetsbaarheden/index.html	https://github.com/ing-bank	13854005
https://www.instructure.com/canvas/blog/instructures-proven-security-vulnerability-disclosure-program	-	-
https://www.integraxor.com/integraxor-hmi-scada-bug-bounty-program/	-	-
https://www.intel.com/content/www/us/en/security-center/default.html	-	-
https://www.intigriti.com/public/project/uz%20leuven/nexuzhealthwebpacs	-	-
https://www.irccloud.com/whitehat	-	-
https://www.jetbrains.com/legal/terms/coordinated-disclosure.html	https://github.com/JetBrains	878437
https://www.jetbrains.com/legal/terms/coordinated-disclosure.html	https://github.com/JetBrains-Research	10167268
https://www.jetbrains.com/legal/terms/coordinated-disclosure.html	https://github.com/JetBrains-cn	61572047
https://www.jetbrains.com/legal/terms/coordinated-disclosure.html	https://github.com/Kotlin	1446536
https://www.jetbrains.com/legal/terms/coordinated-disclosure.html	https://github.com/jetbrains-academy	48209023
https://www.jetbrains.com/legal/terms/coordinated-disclosure.html	https://github.com/jetbrains-infra	27726653
https://www.jetbrains.com/legal/terms/coordinated-disclosure.html	https://github.com/kotlin-hands-on	51125714
https://www.kiwi.com/us/pages/security	https://hackerone.com/kiwicom	-
https://www.korukids.co.uk/privacy-policy/	-	-
https://www.kraken.com/security/bug-bounty	https://github.com/krakenfx	3487933
https://www.kreezalid.com/privacy-policy	-	-
https://www.liquidweb.com/about-us/policies/bug-bounty-program/	https://github.com/liquidweb	216891
https://www.liveclicker.com/trust/report-a-vulnerability/	https://github.com/Liveclicker-com	41646278
https://www.loginradius.com/bug-bounty/	https://github.com/LoginRadius	1129163
https://www.lyft.com/security	-	-
https://www.majidalfuttaim.com/en/responsible-disclosure-policy	https://github.com/majid-al-futtaim	53218344
https://www.majidalfuttaim.com/en/responsible-disclosure-policy	https://github.com/majidalfuttaim	30292338
https://www.malwarebytes.org/secure/	https://hackerone.com/malwarebytes	-
https://www.marktplaats.nl/i/help/veilig-en-succesvol/responsible-disclosure-program.dot.html	https://github.com/marktplaats-external	781660
https://www.microstrategy.com/us/bug-bounty-program	https://github.com/MicroStrategy	6561523
https://www.microstrategy.com/us/bug-bounty-program	https://github.com/mstr-dev	12275265
https://www.microstrategy.com/us/bug-bounty-program	https://github.com/mstr-devops	11091365
https://www.mindstronghealth.com/security-policy.html	https://github.com/mindstrong	12160845
https://www.missguided.co.uk/responsible-disclosure	-	-
https://www.monetha.io/bounty	-	-
https://www.mozilla.org/en-US/security/bug-bounty/	-	-
https://www.mural.co/security/vdp	https://github.com/muralco	39571339
https://www.nachi.org/bug-bounty/	https://github.com/InterNACHI	1328457
https://www.national-lottery.co.uk/security	-	-
https://www.ncsc.gov.uk/information/vulnerability-reporting	-	-
https://www.ncsc.gov.uk/information/vulnerability-reporting	https://github.com/ukncsc	11391831
https://www.ncsc.nl/security	-	-
https://www.netgate.com/security/index.html	-	-
https://www.netohq.com/privacy-policy	-	-
https://www.northwesternmutual.com/responsible-disclosure-policy/	https://github.com/northwesternmutual	22353102
https://www.nospamproxy.de/en/cybersecurity-product-security-incident-response-team-psirt/	-	-
https://www.notion.so/Responsible-Disclosure-Policy-5f18bb6b86804eaf989c006131778b9c	https://github.com/makenotion	4792552
https://www.npmjs.com/policies/security	https://github.com/npm	6078720
https://www.nwbbank.com/en/responsible-disclosure	-	-
https://www.odoo.com/security-report	-	-
https://www.offensive-security.com/bug-bounty-program/	-	-
https://www.ofwat.gov.uk/vulnerability-disclosure-policy	-	-
https://www.olacabs.com/whitehat	https://github.com/olacabs	8112130
https://www.onlineseminar.com/security/	-	-
https://www.openbugbounty.org/bugbounty/FONDY_EU/	-	-
https://www.openbugbounty.org/bugbounty/WeekendeskS/	-	-
https://www.openbugbounty.org/bugbounty/sviesolutions/	-	-
https://www.openssl.org/community/#securityreports	https://github.com/openssl	3279138
https://www.orr.gov.uk/	-	-
https://www.oshkoshcorp.com/contact/Contacts~CyberSecurity.html	-	-
https://www.palantir.com/responsible-disclosure/	https://hackerone.com/palantir_public	-
https://www.parabol.co/security-disclosure	https://github.com/ParabolInc	14169569
https://www.parity.io/bug-bounty/	https://github.com/parity-contracts	37372767
https://www.parity.io/bug-bounty/	https://github.com/parity-js	35567017
https://www.parity.io/bug-bounty/	https://github.com/paritytech	14176906
https://www.parity.io/bug-bounty/	https://github.com/paritytech-webops	74656669
https://www.particle.io/legal/responsible-disclosure/	https://github.com/particle-iot	2348966
https://www.partnerstack.com/policies#security-practices	-	-
https://www.pastecoin.com/bug_bounty	-	-
https://www.paypal.com/us/webapps/mpp/security-tools/reporting-security-issues	-	-
https://www.pcextreme.com/policies/responsible-disclosure	https://github.com/PCextreme	5224940
https://www.personalcapital.com/responsible-disclosure/	-	-
https://www.phpmyadmin.net/security/	-	-
https://www.pingidentity.com/en/company/security-at-ping-identity.html	-	-
https://www.pitchero.com/security-policy	https://github.com/Pitchero	1612407
https://www.playframework.com/security/vulnerability	https://github.com/playframework	319107
https://www.pon-cat.com/en/responsible-disclosure	-	-
https://www.productboard.com/product/security/#application-security	https://github.com/productboard	11894429
https://www.productboard.com/product/security/#application-security	https://github.com/productboardlabs	46718358
https://www.python.org/news/security/	-	-
https://www.qiwi.ru/page/hack.action	-	-
https://www.qualcomm.com/company/product-security/report-a-bug	https://github.com/QuIC	55295854
https://www.qualcomm.com/company/product-security/report-a-bug	https://github.com/Qualcomm-AI-research	83730442
https://www.qualcomm.com/company/product-security/report-a-bug	https://github.com/qca	3330207
https://www.qualcomm.com/company/product-security/report-a-bug	https://github.com/qualcomm	55295994
https://www.qualcomm.com/company/product-security/report-a-bug	https://github.com/qualcomm-technologies-inc	82674843
https://www.qualtrics.com/platform/security/vulnerability-disclosure/	-	-
https://www.range.co/security/bounty	https://github.com/range-labs	29342939
https://www.rea-group.com/security	-	-
https://www.rekruter.de/impressum/datenschutz.lasso	-	-
https://www.rewind.io/vulnerability-disclosure-policy	https://hackerone.com/rewind_io	-
https://www.ricoh.ca/en/about-us/vulnerability-disclosure-policy	-	-
https://www.rtbf.be/cgu/	-	-
https://www.sailthru.com/trust/report-a-vulnerability/	https://github.com/carnivalmobile	6325685
https://www.sailthru.com/trust/report-a-vulnerability/	https://github.com/sailthru	333115
https://www.sailthru.com/trust/report-a-vulnerability/	https://github.com/sailthru-cookbooks	7596394
https://www.sanity.io/security	https://github.com/sanity-io	17177659
https://www.sbab.se/1/sidfotsmeny_2/sakerhet/responsible_disclosure.html	-	-
https://www.securecyberfuture.com/responsible-disclosure	-	-
https://www.sendsafely.com/security/bug-bounty	https://github.com/SendSafely	4430882
https://www.serenityos.org/bounty/	-	-
https://www.shapesecurity.com/report-a-vulnerability	https://github.com/shapesecurity	7728313
https://www.signalfx.com/trust/security/responsible-disclosure	-	-
https://www.simple.com/policies/security	https://github.com/SimpleFinance	366647
https://www.smile.co.uk/global/security/responsible-security-disclosure	-	-
https://www.solaredge.com/us/cyber-security-policy	https://github.com/SolarEdgeTech	54677199
https://www.southwest.com/security-researchers.txt	-	-
https://www.spaceapegames.com/privacy-policy	-	-
https://www.splendiddata.com/responsible-disclosure-policy/	https://github.com/splendiddata	28629633
https://www.splio.com/data-protection/	-	-
https://www.splunk.com/en_us/product-security.html	-	-
https://www.spokeo.com/bug-bounty	https://github.com/Spokeo	1779086
https://www.spotify.com/us/bounty/	-	-
https://www.spreaker.com/security	https://github.com/spreaker	1230358
https://www.sqreen.com/security	-	-
https://www.starbucks.com/whitehat	-	-
https://www.starleaf.com/c/bug-bounty-program/	https://github.com/StarLeafAPIs	32576505
https://www.starlingbank.com/security/disclosure/	-	-
https://www.stefanvd.net/privacy/	-	-
https://www.stellar.org/bug-bounty-program/	https://github.com/stellar	7386716
https://www.stellar.org/bug-bounty-program/	https://github.com/stellar-deprecated	55216895
https://www.studentdoctor.net/security-policy/	-	-
https://www.swiggy.com/bug-bounty	https://github.com/Swiggy	36199082
https://www.swiggy.com/bug-bounty	https://github.com/swiggy-private	54395268
https://www.swiggy.com/bug-bounty	https://github.com/swiggy-vendor	60728668
https://www.swisscom.ch/en/about/company/portrait/network/security/bug-bounty.html	-	-
https://www.switch.ch/security/.galleries/files/SWITCH-CERT.txt	-	-
https://www.synology.com/de-de/security/bounty_program#scope_and_reward	-	-
https://www.tarsnap.com/bugbounty.html	https://github.com/Tarsnap	12490383
https://www.tealyra.com/.well-known/policy.txt	-	-
https://www.technicolor.com/privacy-policy	-	-
https://www.telekom.com/en/corporate-responsibility/data-protection-data-security/security/details/closing-security-gaps-360054	https://github.com/Data-Intelligence-Hub	64842890
https://www.telekom.com/en/corporate-responsibility/data-protection-data-security/security/details/closing-security-gaps-360054	https://github.com/TelekomLabs	5803329
https://www.telekom.com/en/corporate-responsibility/data-protection-data-security/security/details/closing-security-gaps-360054	https://github.com/flowground	48016595
https://www.telekom.com/en/corporate-responsibility/data-protection-data-security/security/details/closing-security-gaps-360054	https://github.com/magenta-voice	73541940
https://www.telekom.com/en/corporate-responsibility/data-protection-data-security/security/details/closing-security-gaps-360054	https://github.com/opentelekomcloud	19344672
https://www.telekom.com/en/corporate-responsibility/data-protection-data-security/security/details/closing-security-gaps-360054	https://github.com/opentelekomcloud-blueprints	45656213
https://www.telekom.com/en/corporate-responsibility/data-protection-data-security/security/details/closing-security-gaps-360054	https://github.com/opentelekomcloud-infra	45656414
https://www.telekom.com/en/corporate-responsibility/data-protection-data-security/security/details/closing-security-gaps-360054	https://github.com/telekom	27354058
https://www.telekom.com/en/corporate-responsibility/data-protection-data-security/security/details/closing-security-gaps-360054	https://github.com/telekom-security	30164233
https://www.telekom.com/en/corporate-responsibility/data-protection-data-security/security/security/closing-security-gaps-360054	-	-
https://www.thexyz.com/about/security-policy	-	-
https://www.thg.com/bounty	-	-
https://www.tidio.com/security-policy/	-	-
https://www.tokens.net/security-policy/	-	-
https://www.tradingview.com/bounty/	https://github.com/tradingview	7644688
https://www.tradingview.com/bounty/	https://github.com/tradingview-integrations	72443516
https://www.transip.eu/legal-and-security/security	-	-
https://www.trychameleon.com/security/disclosure	https://github.com/chamaeleonidae	22630136
https://www.trychameleon.com/security/disclosure	https://github.com/trychameleon	13268097
https://www.turnoffthelights.com/privacy.html	-	-
https://www.ukfast.co.uk/terms.html	-	-
https://www.united.com/web/en-US/content/contact/bugbounty.aspx	-	-
https://www.verance.com/privacy/	-	-
https://www.vicompany.nl/legal/responsible-disclosure	https://github.com/vicompany	2834185
https://www.vinci.com/publi/vinci/cert/index-en.html	-	-
https://www.visma.com/trust-centre/smb/security-and-privacy/operational/responsible-disclosure/	https://app.intigriti.com/programs/visma/visma/detail	-
https://www.vkksu.gov.ua/userfiles/doc/sec/secpolicy.txt	-	-
https://www.volkis.com.au/vulnerability-disclosure/	-	-
https://www.vrt.be/en/responsible-disclosure-policy-english-version/	-	-
https://www.vultr.com/bug-bounty/	https://github.com/vultr	8527264
https://www.webmethod.nl/juridisch/responsible-disclosure	-	-
https://www.wefact.nl/security/	-	-
https://www.wordfence.com/threat-intel/bug-bounty-program/	https://github.com/wordfence	15056012
https://www.xing.com/rfc-2350.txt	-	-
https://www.xpos.nl/security.html	-	-
https://www.yeahhub.com/privacy-policy/	-	-
https://www.york.gov.uk/security	-	-
https://www.yourepo.com/user/privacy	-	-
https://www.zaful.com/report-security-issues	-	-
https://www.zdrojak.cz/redakce/podminky-uzivani	-	-
https://www.zendesk.com/company/policies-procedures/#responsible-disclosure-policy	-	-
https://www.zendesk.de/company/policies-procedures/responsible-disclosure-policy/	-	-
https://www.zomato.com/security	-	-
https://xmr.to/security	-	-
https://yandex.com/bugbounty/report/	https://hackerone.com/yandex	-
https://yeswehack.com/programs/dailymotion-public-bug-bounty	-	-
https://yeswehack.com/programs/qwant	-	-
https://zapier.com/engineering/bug-bounty-program/	https://github.com/zapier	1261889
https://zksync.io/dev/bug-bounty.html	https://github.com/matter-labs	42489169
https://zksync.io/dev/bug-bounty.html	https://github.com/zksync-sdk	73895099
https://zoom.us/docs/en-us/vulnerability-disclosure-policy.html	https://github.com/zoom	29114944
https://zoom.us/docs/en-us/vulnerability-disclosure-policy.html	https://github.com/zoom-us	42408067
