https://www.federacy.com/belvo-technologies-inc	https://github.com/belvo-finance
https://www.federacy.com/biorender	https://github.com/BioRender-Team
https://www.federacy.com/bitski	https://github.com/BitskiCo
https://www.federacy.com/check	https://github.com/checkhq
https://www.federacy.com/clay	https://github.com/clay-inc
https://www.federacy.com/cometchat	https://github.com/CometChat
https://www.federacy.com/cometchat	https://github.com/cometchat-go
https://www.federacy.com/cometchat	https://github.com/cometchat-pro
https://www.federacy.com/cometchat	https://github.com/cometchat-pro-extensions
https://www.federacy.com/cometchat	https://github.com/cometchat-pro-samples
https://www.federacy.com/cometchat	https://github.com/cometchat-pro-tutorials
https://www.federacy.com/cometchat	https://github.com/cometchat-team
https://www.federacy.com/convictional	https://github.com/convictional
https://www.federacy.com/cooper	-
https://www.federacy.com/crowdai	https://github.com/crowd-ai
https://www.federacy.com/crowdai	https://github.com/crowdAI
https://www.federacy.com/cyber-info	https://github.com/Cyber-Info
https://www.federacy.com/delight-im	https://github.com/delight-im
https://www.federacy.com/eqtble	https://github.com/Eqtble
https://www.federacy.com/federacy	https://github.com/federacy
https://www.federacy.com/hubble	https://github.com/HubbleHQ
https://www.federacy.com/knowyourteam	-
https://www.federacy.com/level365	https://github.com/level365
https://www.federacy.com/limacharlie	https://github.com/LimaCharlieInc
https://www.federacy.com/magicbell	https://github.com/magicbell-io
https://www.federacy.com/mobileaction	https://github.com/mobileaction
https://www.federacy.com/modern-treasury	https://github.com/Modern-Treasury
https://www.federacy.com/nanonets	https://github.com/NanoNets
https://www.federacy.com/nelogica	-
https://www.federacy.com/nucla	https://github.com/nucla
https://www.federacy.com/officely	https://github.com/officely
https://www.federacy.com/okteto	https://github.com/Okteto-India
https://www.federacy.com/okteto	https://github.com/okteto
https://www.federacy.com/onestepgps	https://github.com/onestepgps
https://www.federacy.com/paladin-cyber-bug-bounty	-
https://www.federacy.com/parafin	-
https://www.federacy.com/polymesh-bug-bounty-program	https://github.com/PolymathNetwork
https://www.federacy.com/prevu3d	https://github.com/prevu3d
https://www.federacy.com/rally	-
https://www.federacy.com/recidiviz	https://github.com/Recidiviz
https://www.federacy.com/renofi	https://github.com/RenoFi
https://www.federacy.com/spacelift	https://github.com/Spacelift
https://www.federacy.com/spacelift	https://github.com/Spacelifts
https://www.federacy.com/spacelift	https://github.com/spacelift-io
https://www.federacy.com/spacelift	https://github.com/spacelift-io-examples
https://www.federacy.com/stacksi	https://github.com/stacksi
https://www.federacy.com/street-contxt	https://github.com/StreetContxt
https://www.federacy.com/street-contxt	https://github.com/street-contxt-private
https://www.federacy.com/supportbee	https://github.com/SupportBee
https://www.federacy.com/sylaps	https://github.com/Sylaps
https://www.federacy.com/tuple	https://github.com/tupleapp
https://www.federacy.com/unlisted-mobile-inc	https://github.com/unlistedHQ
https://www.federacy.com/vertex	-
