https://hackerone.com/abnamro	https://github.com/ABNAMRO	42280701
https://hackerone.com/abnamro	https://github.com/abnamrocoesd	15876397
https://hackerone.com/accenture	https://github.com/Accenture	10454368
https://hackerone.com/achievable	https://github.com/achievable-io	75392928
https://hackerone.com/actbluetech	https://github.com/PayLead	23219445
https://hackerone.com/airlock	-	-
https://hackerone.com/albert_heijn	https://github.com/albert-heijn	36044086
https://hackerone.com/aliexpress	-	-
https://hackerone.com/android	-	-
https://hackerone.com/appdirect_bounty	https://github.com/AppDirect	696069
https://hackerone.com/appdirect_bounty	https://github.com/ad-dc	3029231
https://hackerone.com/aptible	https://github.com/aptible	4594193
https://hackerone.com/artsy	-	-
https://hackerone.com/asana	-	-
https://hackerone.com/atlassian	-	-
https://hackerone.com/avast	-	-
https://hackerone.com/barracuda	-	-
https://hackerone.com/belastingdienst	https://github.com/belastingdienst	62234507
https://hackerone.com/bigbasket	https://github.com/BigBasket	1491539
https://hackerone.com/bitcoin_de	-	-
https://hackerone.com/bitdefender	https://github.com/Bitdefender-Crypto-Team	73883027
https://hackerone.com/bitdefender	https://github.com/BitdefenderMDR	61509546
https://hackerone.com/bitdefender	https://github.com/bit-ml	25640073
https://hackerone.com/bitdefender	https://github.com/bitdefender-code	32773462
https://hackerone.com/bitgo	-	-
https://hackerone.com/bitnet	-	-
https://hackerone.com/blackphone	-	-
https://hackerone.com/blogger	https://github.com/blogger-hub	54083606
https://hackerone.com/bookingcom	-	-
https://hackerone.com/bugcrowd	-	-
https://hackerone.com/bugify	https://github.com/bugify	2150016
https://hackerone.com/buzzfeed	-	-
https://hackerone.com/canon	-	-
https://hackerone.com/card	https://github.com/cardcorp	1884639
https://hackerone.com/checkpointsw	https://github.com/CheckPointCourseware	156672614
https://hackerone.com/checkpointsw	https://github.com/CheckPointSW	21174243
https://hackerone.com/checkpointsw	https://github.com/CheckPointSoftwareTechnologies	17572657
https://hackerone.com/checkpointsw	https://github.com/chkp-internal	158139962
https://hackerone.com/cherwell	-	-
https://hackerone.com/chinanetcloud	https://github.com/ChinaNetCloud	10796293
https://hackerone.com/chromium	-	-
https://hackerone.com/cloudbees	https://github.com/cb-demos	60153326
https://hackerone.com/cloudbees	https://github.com/cloudbees	235526
https://hackerone.com/cloudbees	https://github.com/cloudbees-days	47866591
https://hackerone.com/cloudbees	https://github.com/cloudbees-oss	18043353
https://hackerone.com/cloudbees	https://github.com/electric-cloud	1568775
https://hackerone.com/cloudbees	https://github.com/rollout	7106535
https://hackerone.com/cobalt	https://github.com/cobalthq	5507970
https://hackerone.com/coinjar	-	-
https://hackerone.com/coinpayments	https://github.com/CoinPaymentsNet	6100871
https://hackerone.com/contentful	-	-
https://hackerone.com/cpanel	-	-
https://hackerone.com/cryptocat	https://github.com/cryptocat	2255942
https://hackerone.com/ddp_reward_program	-	-
https://hackerone.com/deutschetelekom	-	-
https://hackerone.com/devolksbank	https://github.com/devolksbank	29947367
https://hackerone.com/directv	-	-
https://hackerone.com/dnb_nl	-	-
https://hackerone.com/dyson	https://github.com/dyson-robotics-lab	59698674
https://hackerone.com/eff	https://github.com/EFForg	2120271
https://hackerone.com/elisa	https://github.com/ElisaOyj	3436075
https://hackerone.com/ethereum	https://github.com/ethereum	6250754
https://hackerone.com/ethereum	https://github.com/ethresearch	32943906
https://hackerone.com/ethereum	https://github.com/openethereum	58831716
https://hackerone.com/etsy	https://github.com/etsy-dev	73962018
https://hackerone.com/etsy	https://github.com/etsy-sandbox	76071836
https://hackerone.com/eureka_jp	-	-
https://hackerone.com/fanduel_old	-	-
https://hackerone.com/flexispyltd	https://github.com/FlexiSPY	20925712
https://hackerone.com/fsecure	https://github.com/F-Secure	1820812
https://hackerone.com/fsecure	https://github.com/FSecureLABS	1469843
https://hackerone.com/fsecure	https://github.com/countercept	23384414
https://hackerone.com/fsecure	https://github.com/f-secure-foundry	8976131
https://hackerone.com/fsecure	https://github.com/f-secure-japan	54166960
https://hackerone.com/fsecure	https://github.com/mwrlabs	55729915
https://hackerone.com/gameforge	https://github.com/Gameforge4D	92090568
https://hackerone.com/gearbest	-	-
https://hackerone.com/getadmiral	https://github.com/admiralinc	18146080
https://hackerone.com/ghostscript	-	-
https://hackerone.com/giesecke_devrient	-	-
https://hackerone.com/gmx_gmbh	-	-
https://hackerone.com/google	-	-
https://hackerone.com/googleplay	-	-
https://hackerone.com/govtech-vrp	https://github.com/GovTechSG	12439141
https://hackerone.com/h1111	https://hackerone.com/security	-
https://hackerone.com/hack_the_proxy	-	-
https://hackerone.com/hackerone_h1p_bbp3	-	-
https://hackerone.com/hackforums	-	-
https://hackerone.com/hellosign	-	-
https://hackerone.com/heroku-retired	-	-
https://hackerone.com/highrise_hq	https://github.com/highrisehq	9200834
https://hackerone.com/hinge	https://github.com/Hinge	1434019
https://hackerone.com/hirevue	https://github.com/HireVue	2339413
https://hackerone.com/hootsuite	https://github.com/HootsuiteApps	2582823
https://hackerone.com/hootsuite	https://github.com/HootsuiteLabs	13471294
https://hackerone.com/hootsuite	https://github.com/hootsuite	1087522
https://hackerone.com/hostelworld	https://github.com/Hostelworld	9132064
https://hackerone.com/hostelworld	https://github.com/Hostelworld-ms	85634943
https://hackerone.com/hostelworld	https://github.com/HostelworldMobileApps	27859118
https://hackerone.com/hostfact	-	-
https://hackerone.com/hubspot	https://bugcrowd.com/hubspot	-
https://hackerone.com/hybridsaas	-	-
https://hackerone.com/icann	https://github.com/iana-org	17604243
https://hackerone.com/icann	https://github.com/icann	1413415
https://hackerone.com/icann	https://github.com/icann-dns	11682184
https://hackerone.com/indeed	-	-
https://hackerone.com/independer	-	-
https://hackerone.com/ing	-	-
https://hackerone.com/instagram	-	-
https://hackerone.com/instamojo	https://github.com/Instamojo	2631562
https://hackerone.com/instructure	https://github.com/instructure	515326
https://hackerone.com/ivanti	-	-
https://hackerone.com/kfc	-	-
https://hackerone.com/knowbe4	-	-
https://hackerone.com/koho	https://github.com/kohofinancial	25867428
https://hackerone.com/krakenfx	-	-
https://hackerone.com/kyupcloud	https://github.com/Kyup-com	12334527
https://hackerone.com/lastpass	-	-
https://hackerone.com/latch	-	-
https://hackerone.com/lge	https://github.com/LGE-OSS	63391456
https://hackerone.com/lge	https://github.com/lgeopensource	14355451
https://hackerone.com/lge	https://github.com/lgopensource	14357744
https://hackerone.com/linode	-	-
https://hackerone.com/lockkey	-	-
https://hackerone.com/lyft	-	-
https://hackerone.com/makemytrip	https://www.makemytrip.com/pwa-hlp/mmtbb/report	-
https://hackerone.com/managewp	-	-
https://hackerone.com/match	https://github.com/match-com	49917321
https://hackerone.com/meetic	https://github.com/Meetic	1272969
https://hackerone.com/megaprivacy	https://github.com/meganz	4920706
https://hackerone.com/meraki	-	-
https://hackerone.com/mit	-	-
https://hackerone.com/mobileiron	https://github.com/MobileIron-LC	57931493
https://hackerone.com/mobileiron	https://github.com/mobileiron	2975266
https://hackerone.com/mozilla	https://github.com/FirefoxUX	15326606
https://hackerone.com/mozilla	https://github.com/MozillaReality	8397321
https://hackerone.com/mozilla	https://github.com/firefox-devtools	19979421
https://hackerone.com/mozilla	https://github.com/mdn	7565578
https://hackerone.com/mozilla	https://github.com/mozilla	131524
https://hackerone.com/mozilla	https://github.com/mozilla-b2g	1261292
https://hackerone.com/mozilla	https://github.com/mozilla-cit	5366810
https://hackerone.com/mozilla	https://github.com/mozilla-fxa	65358770
https://hackerone.com/mozilla	https://github.com/mozilla-iam	22923188
https://hackerone.com/mozilla	https://github.com/mozilla-it	2439809
https://hackerone.com/mozilla	https://github.com/mozilla-raptor	14983110
https://hackerone.com/mozilla	https://github.com/mozilla-services	1066228
https://hackerone.com/mozilla	https://github.com/taskcluster	6257436
https://hackerone.com/mux	https://github.com/muxinc	16199997
https://hackerone.com/n26	-	-
https://hackerone.com/namecheap	https://github.com/NCCloud	36271993
https://hackerone.com/namecheap	https://github.com/namecheap	7532706
https://hackerone.com/namecheap	https://github.com/namecheap-labs	102253851
https://hackerone.com/naver_whale	-	-
https://hackerone.com/ncsc	https://github.com/NCSC-NL	16208471
https://hackerone.com/nest	-	-
https://hackerone.com/netflix	https://github.com/NetflixAdsEng	28321277
https://hackerone.com/netflix	https://github.com/NetflixUI	8696986
https://hackerone.com/netflix	https://github.com/nebula-plugins	5993162
https://hackerone.com/nuon	-	-
https://hackerone.com/oculus	-	-
https://hackerone.com/okcupid	https://github.com/OkCupid	9982427
https://hackerone.com/okcupid	https://github.com/okcupidlabz	1537857
https://hackerone.com/okcupid	https://github.com/okws	1253186
https://hackerone.com/olacabs	-	-
https://hackerone.com/olark	https://github.com/olark	107554
https://hackerone.com/oneplus_old	-	-
https://hackerone.com/oneweb-bbp	https://github.com/b-yond-infinite-network	34663089
https://hackerone.com/oneweb-bbp	https://github.com/oneweb-net	54034794
https://hackerone.com/onshape	https://github.com/onshape	4764603
https://hackerone.com/onshape	https://github.com/onshape-public	20463541
https://hackerone.com/optimizely	-	-
https://hackerone.com/outbrain_test	-	-
https://hackerone.com/ovchipkaart	-	-
https://hackerone.com/ovh-group	-	-
https://hackerone.com/ovo	-	-
https://hackerone.com/parseit	-	-
https://hackerone.com/pastecoin	-	-
https://hackerone.com/paysafecard	-	-
https://hackerone.com/pinterest	-	-
https://hackerone.com/pleo	https://github.com/pleo-careers	104981617
https://hackerone.com/pleo	https://github.com/pleo-io	12394870
https://hackerone.com/plotly	-	-
https://hackerone.com/pocket	https://github.com/Pocket	1553831
https://hackerone.com/pof	-	-
https://hackerone.com/prezi	https://github.com/prezi	1989101
https://hackerone.com/project-sopris	-	-
https://hackerone.com/pulse_secure	-	-
https://hackerone.com/qualcomm	-	-
https://hackerone.com/quiver	-	-
https://hackerone.com/qwant	-	-
https://hackerone.com/rabobank	https://github.com/rabobank	16667709
https://hackerone.com/rabobank	https://github.com/rabobank-blockchain	50237788
https://hackerone.com/rabobank	https://github.com/rabobank-cdc	48751790
https://hackerone.com/rabobank	https://github.com/rabobank-nederland	31239054
https://hackerone.com/releasewire	-	-
https://hackerone.com/resourcespace	-	-
https://hackerone.com/rewind_io	https://github.com/rewindio	16769475
https://hackerone.com/rijksoverheid	https://github.com/RijksICTGilde	56327519
https://hackerone.com/rijksoverheid	https://github.com/azdpc	44017330
https://hackerone.com/riot	https://github.com/RiotGames	910843
https://hackerone.com/ripple-old	-	-
https://hackerone.com/riskio	-	-
https://hackerone.com/roche	-	-
https://hackerone.com/safaricom	https://github.com/safaricom	28538109
https://hackerone.com/safaricom	https://github.com/safaricom-alpha	32864684
https://hackerone.com/samsungmobile	https://github.com/SAMSUNG-Mobile-App-Resources	64023010
https://hackerone.com/samsungmobile	https://github.com/Samsung	6210390
https://hackerone.com/samsungmobile	https://github.com/SamsungInternet	21077792
https://hackerone.com/samsungmobile	https://github.com/SamsungLabs	79490457
https://hackerone.com/samsungmobile	https://github.com/samsung-cnct	11511065
https://hackerone.com/samsungsmarttv	https://hackerone.com/samsungmobile	-
https://hackerone.com/schubergphilis	https://github.com/SBP-Cookbooks	27574841
https://hackerone.com/schubergphilis	https://github.com/sbp-contrib	27574799
https://hackerone.com/schubergphilis	https://github.com/schubergphilis	864482
https://hackerone.com/sea	https://github.com/Garena-Indonesia	25243778
https://hackerone.com/sea	https://github.com/Shopee	30062220
https://hackerone.com/sea	https://github.com/airpay	15817850
https://hackerone.com/sea	https://github.com/garena	2257790
https://hackerone.com/sea	https://github.com/seatalk-io	71292063
https://hackerone.com/sea	https://github.com/shopee-sc	54354538
https://hackerone.com/sea	https://github.com/shopee2	73869743
https://hackerone.com/security-test-ep	-	-
https://hackerone.com/security-test-ep-invite-only	-	-
https://hackerone.com/security-test-ep-sandbox	-	-
https://hackerone.com/segment	-	-
https://hackerone.com/sentry	https://github.com/getsentry	1396951
https://hackerone.com/sentry	https://github.com/sentry-demos	32687897
https://hackerone.com/sentry_old	https://hackerone.com/sentry	-
https://hackerone.com/shape_security	-	-
https://hackerone.com/shapeshift-io	-	-
https://hackerone.com/simple	-	-
https://hackerone.com/simplybuilt	https://github.com/SimplyBuilt	9323389
https://hackerone.com/six-group	https://hackerone.com/six-group-private	-
https://hackerone.com/six-group-private	https://github.com/six-group	117294153
https://hackerone.com/snowflake	https://github.com/Snowflake-Labs	58992620
https://hackerone.com/snowflake	https://github.com/snowflakecorp	64989789
https://hackerone.com/snowflake	https://github.com/snowflakedb	6453780
https://hackerone.com/sourcegraph_old	https://github.com/sourcegraph	3979584
https://hackerone.com/sourcegraph_old	https://github.com/sourcegraph-beta	20602689
https://hackerone.com/sqreen	-	-
https://hackerone.com/statuspageio	-	-
https://hackerone.com/sunrise	https://github.com/sunriseos	49319188
https://hackerone.com/swiggy	-	-
https://hackerone.com/swisscom	-	-
https://hackerone.com/symphony-3	-	-
https://hackerone.com/synology	-	-
https://hackerone.com/tarsnap	-	-
https://hackerone.com/telegram	-	-
https://hackerone.com/teslamotors	-	-
https://hackerone.com/testtesttesttesttfttesttestte	-	-
https://hackerone.com/tradingview-2	-	-
https://hackerone.com/tripadvisor	-	-
https://hackerone.com/trivago	https://github.com/trivago	1481788
https://hackerone.com/tweakers	-	-
https://hackerone.com/twilio	https://github.com/TwilioTraining	36009685
https://hackerone.com/twilio	https://github.com/sendgrid	181234
https://hackerone.com/twilio	https://github.com/sendgrid-ops	3505850
https://hackerone.com/twilio	https://github.com/sendgridlabs	1581830
https://hackerone.com/twilio	https://github.com/twilio-labs	45860984
https://hackerone.com/twilio	https://github.com/twilio-professional-services	60790096
https://hackerone.com/united	-	-
https://hackerone.com/usaa	https://github.com/usaa	25177504
https://hackerone.com/vanlanschot	-	-
https://hackerone.com/vans	https://github.com/vans-inc	48365203
https://hackerone.com/veridu	https://github.com/veridu	2083850
https://hackerone.com/wamba	-	-
https://hackerone.com/wazirx	https://github.com/WazirX	37285315
https://hackerone.com/we_do_trash	-	-
https://hackerone.com/web_de_gmbh	-	-
https://hackerone.com/websecurify	https://github.com/websecurify	2979859
https://hackerone.com/werkenbijdef	-	-
https://hackerone.com/westernunion	-	-
https://hackerone.com/whmcs	https://github.com/WHMCS	6339878
https://hackerone.com/withpaper	-	-
https://hackerone.com/wpengine	https://github.com/wpengine	749191
https://hackerone.com/yammer	https://github.com/askyammer	45440330
https://hackerone.com/yammer	https://github.com/yammer	119402
https://hackerone.com/yandex	https://github.com/ClickHouse	54801242
https://hackerone.com/yandex	https://github.com/YandexMail	6770320
https://hackerone.com/yandex	https://github.com/yandex	7409213
https://hackerone.com/yandex	https://github.com/yandex-cloud	42382453
https://hackerone.com/yandex	https://github.com/yandex-disk	5556772
https://hackerone.com/yandex	https://github.com/yandex-market	43639900
https://hackerone.com/yandex	https://github.com/yandex-ui	914728
https://hackerone.com/yandex	https://github.com/yandexdataschool	13419363
https://hackerone.com/yandex	https://github.com/yandexmobile	1065227
https://hackerone.com/yatra_com	https://www.yatra.com/online/bug-bounty	-
https://hackerone.com/youtube	https://github.com/youtube	4052902
https://hackerone.com/zapier-old	-	-
https://hackerone.com/zoom-private	https://zoom.us/docs/en-us/vulnerability-disclosure-policy.html	-
https://hackerone.com/zte	-	-
