https://hackerone.com/23andme_bbp	https://bugcrowd.com/twentythree-and-me	-
https://hackerone.com/8x8-bounty	https://github.com/8x8	73321820
https://hackerone.com/8x8-bounty	https://github.com/8x8Cloud	460194
https://hackerone.com/acronis	https://github.com/acronis	15366973
https://hackerone.com/adobe	https://github.com/Adobe-CEP	7475984
https://hackerone.com/adobe	https://github.com/Adobe-Experience-Cloud	35351502
https://hackerone.com/adobe	https://github.com/Adobe-Marketing-Cloud	1440554
https://hackerone.com/adobe	https://github.com/Adobe-Marketing-Cloud-Apps	10774438
https://hackerone.com/adobe	https://github.com/Adobe-Muse	5797423
https://hackerone.com/adobe	https://github.com/AdobeDocs	36018178
https://hackerone.com/adobe	https://github.com/AdobeXD	41522403
https://hackerone.com/adobe	https://github.com/adobe	476009
https://hackerone.com/adobe	https://github.com/adobe-accessibility	5240583
https://hackerone.com/adobe	https://github.com/adobe-apiplatform	13855477
https://hackerone.com/adobe	https://github.com/adobe-experience-league	56980371
https://hackerone.com/adobe	https://github.com/adobe-flash	4764587
https://hackerone.com/adobe	https://github.com/adobe-fonts	4028872
https://hackerone.com/adobe	https://github.com/adobe-marketing-cloud-mobile	17787538
https://hackerone.com/adobe	https://github.com/adobe-photoshop	4542585
https://hackerone.com/adobe	https://github.com/adobe-platform	16107061
https://hackerone.com/adobe	https://github.com/adobe-private	57909826
https://hackerone.com/adobe	https://github.com/adobe-research	3536625
https://hackerone.com/adobe	https://github.com/adobe-rnd	6197659
https://hackerone.com/adobe	https://github.com/adobe-sign	18353282
https://hackerone.com/adobe	https://github.com/adobe-stock-content	22683222
https://hackerone.com/adobe	https://github.com/adobe-webplatform	2976699
https://hackerone.com/adobe	https://github.com/adobebc	5062310
https://hackerone.com/adobe	https://github.com/adobeio	12461336
https://hackerone.com/adobe	https://github.com/cqsupport	2437983
https://hackerone.com/adobe	https://github.com/tubemogul	918427
https://hackerone.com/adobe	https://github.com/typekit	32504
https://hackerone.com/affirm	https://github.com/Affirm	4098256
https://hackerone.com/agoric	https://github.com/Agoric	26842028
https://hackerone.com/agoric	https://github.com/endojs	9937112
https://hackerone.com/airbnb	https://github.com/AirbnBusy	39781466
https://hackerone.com/airbnb	https://github.com/AirbnbProject	41882315
https://hackerone.com/airbnb	https://github.com/airbnb	698437
https://hackerone.com/airbnb	https://github.com/airbnb-analysis	152009393
https://hackerone.com/airbnb	https://github.com/hoteltonight	660281
https://hackerone.com/airtable	https://github.com/airtable	9687261
https://hackerone.com/aiven_ltd	https://github.com/Aiven-Labs	137087646
https://hackerone.com/aiven_ltd	https://github.com/aiven	14290521
https://hackerone.com/aleo	https://bugcrowd.com/aleo-mbb-og	-
https://hackerone.com/algolia	https://github.com/algolia	2034458
https://hackerone.com/alibaba	https://github.com/AlibabaCloudDocs	38934544
https://hackerone.com/alibaba	https://github.com/aemsite	34908024
https://hackerone.com/alibaba	https://github.com/alibaba	1961952
https://hackerone.com/alibaba	https://github.com/alibaba-cloud-linux	49369535
https://hackerone.com/alibaba	https://github.com/alibabacloud-sdk-php	49896061
https://hackerone.com/alibaba	https://github.com/alibabacloud-sdk-swift	61405193
https://hackerone.com/alibaba	https://github.com/aliyun	941070
https://hackerone.com/alibaba	https://github.com/lazada	3465122
https://hackerone.com/alibaba	https://github.com/taobao	1560507
https://hackerone.com/allegro	https://github.com/AllegroTechDays	30196321
https://hackerone.com/allegro	https://github.com/allegro	562236
https://hackerone.com/allegro	https://github.com/allegro-actions	75693004
https://hackerone.com/allegro	https://github.com/allegro-develop	74678761
https://hackerone.com/allegro	https://github.com/allegro-internal	77001131
https://hackerone.com/allegro	https://github.com/allegro-playground	74114750
https://hackerone.com/allegro	https://github.com/allegrotech-umk-torun	48126384
https://hackerone.com/alsco	-	-
https://hackerone.com/alvosec	-	-
https://hackerone.com/amazonvrp	https://github.com/alexa	17815977
https://hackerone.com/amazonvrp	https://github.com/alexa-labs	17990173
https://hackerone.com/amazonvrp	https://github.com/amazon-archives	29926826
https://hackerone.com/amazonvrp	https://github.com/amazon-connect	54455934
https://hackerone.com/amazonvrp	https://github.com/amazonlinux	45947357
https://hackerone.com/amazonvrp	https://github.com/amzn	8594673
https://hackerone.com/amazonvrp	https://github.com/carbonado	6075618
https://hackerone.com/amazonvrp	https://github.com/cloud9ide	10517856
https://hackerone.com/amazonvrp	https://github.com/firecracker-microvm	44477506
https://hackerone.com/amazonvrp	https://github.com/goodreads	1386325
https://hackerone.com/amazonvrp	https://github.com/opendistro	47460393
https://hackerone.com/amazonvrp	https://github.com/opendistro-for-elasticsearch	45981434
https://hackerone.com/amazonvrp-devices	-	-
https://hackerone.com/amber-ai	https://hackerone.com/amber-ai	-
https://hackerone.com/american_systems_bbp	https://github.com/americansystems	15088609
https://hackerone.com/arkose_labs	https://bugcrowd.com/arkose-labs	-
https://hackerone.com/att	https://github.com/att	3477066
https://hackerone.com/att	https://github.com/att-cloudnative-labs	47991642
https://hackerone.com/att	https://github.com/att-esst	14878554
https://hackerone.com/att	https://github.com/att-innovate	336110
https://hackerone.com/att	https://github.com/attdevsupport	918803
https://hackerone.com/att	https://github.com/attm2x	80206956
https://hackerone.com/automattic	https://github.com/Automattic	887802
https://hackerone.com/automattic	https://github.com/tumblr	366151
https://hackerone.com/automattic	https://github.com/woocommerce	473596
https://hackerone.com/baidu	https://bsrc.baidu.com/v2/#/en	-
https://hackerone.com/basecamp	https://github.com/basecamp	13131
https://hackerone.com/binary	https://github.com/binary-com	7437559
https://hackerone.com/bitaccess	https://github.com/bitaccess	7866774
https://hackerone.com/bitmex	https://github.com/BitMEX	6471318
https://hackerone.com/bitso	https://github.com/bitsoex	13357168
https://hackerone.com/blend-labs	https://github.com/blend	24480218
https://hackerone.com/blend-labs	https://github.com/blendlabs	1750546
https://hackerone.com/blockchain	https://github.com/blockchain	1777722
https://hackerone.com/blockfi	https://github.com/blockfi	38138582
https://hackerone.com/bmwgroup	https://github.com/BMW-InnovationLab	58600135
https://hackerone.com/bmwgroup	https://github.com/bmw-tech	47873067
https://hackerone.com/bmwgroup	https://github.com/bmwcarit	192228
https://hackerone.com/bookingcom	https://hackerone.com/bookingcom	-
https://hackerone.com/boozt	https://github.com/boozt-fashion	119613981
https://hackerone.com/boozt	https://github.com/booztfashion	35295482
https://hackerone.com/brave	https://github.com/brave	12301619
https://hackerone.com/brave	https://github.com/brave-experiments	37357673
https://hackerone.com/brave	https://github.com/brave-intl	28767864
https://hackerone.com/bumble	https://github.com/bumble-tech	70271263
https://hackerone.com/bybit_fintech	https://bugcrowd.com/bybit	-
https://hackerone.com/cardano-foundation	https://github.com/cardano-foundation	37078161
https://hackerone.com/cardano-foundation	https://github.com/input-output-hk	12909177
https://hackerone.com/casper	https://github.com/CasperSleep	5932962
https://hackerone.com/chainlink	https://immunefi.com/bounty/chainlink/	-
https://hackerone.com/chaturbate	https://github.com/chaturbatecom	23461537
https://hackerone.com/chime	https://github.com/1debit	2747332
https://hackerone.com/citrix	https://github.com/Citrix-TechSpecialist	29290778
https://hackerone.com/citrix	https://github.com/citrix	1635391
https://hackerone.com/clario	https://github.com/clario-tech	31628015
https://hackerone.com/cloudbees	https://github.com/cloudbees-compliance	95257491
https://hackerone.com/cloudbees	https://github.com/cloudbees-dse	103036007
https://hackerone.com/cloudbees	https://github.com/cloudbees-github-actions	141346472
https://hackerone.com/cloudbees	https://github.com/cloudbees-io	131854143
https://hackerone.com/cloudbees	https://github.com/cloudbees-workshops	51720591
https://hackerone.com/cloudflare	https://github.com/cloudflare	314135
https://hackerone.com/clubhouse	-	-
https://hackerone.com/coda_bbp	https://github.com/coda	7737862
https://hackerone.com/coinbase	https://github.com/CoinbaseStablecoin	65047622
https://hackerone.com/coinbase	https://github.com/base-org	108554348
https://hackerone.com/coinbase	https://github.com/coinbase	1885080
https://hackerone.com/coinhako	https://github.com/coinhako	8837788
https://hackerone.com/coinspot	-	-
https://hackerone.com/compass-bbp	https://github.com/CompassChina	63688477
https://hackerone.com/compass-bbp	https://github.com/UrbanCompass	2473833
https://hackerone.com/consensys	https://github.com/ConsenSys	10818037
https://hackerone.com/consensys	https://github.com/ConsenSys-Academy	41963038
https://hackerone.com/consensys	https://github.com/ConsenSys-archive	113092431
https://hackerone.com/consensys	https://github.com/Consensys-DataOrg	82551948
https://hackerone.com/consensys	https://github.com/consensys-test	99304015
https://hackerone.com/consensys	https://github.com/consensys-vertical-apps	106068811
https://hackerone.com/consensys	https://github.com/fluidity	51832259
https://hackerone.com/consensys	https://github.com/trufflesuite	22205159
https://hackerone.com/cornershop	https://github.com/cornershop	12075096
https://hackerone.com/cosmos	https://github.com/cosmos	228843
https://hackerone.com/cosmos	https://github.com/iqlusioninc	34927277
https://hackerone.com/cosmos	https://github.com/tendermint	7572940
https://hackerone.com/creditkarma	https://github.com/creditkarma	1206633
https://hackerone.com/crowdstrike	https://github.com/CrowdStrike	2446477
https://hackerone.com/crypto	https://github.com/crypto-com	41934032
https://hackerone.com/crypto	https://github.com/crypto-org-chain	78834054
https://hackerone.com/cs_money	-	-
https://hackerone.com/curl	https://github.com/curl	16928085
https://hackerone.com/dashlane	https://github.com/Dashlane	2639205
https://hackerone.com/databricks	https://github.com/databricks	4998052
https://hackerone.com/databricks	https://github.com/databricks-collab	69014689
https://hackerone.com/databricks	https://github.com/databrickslabs	49501376
https://hackerone.com/datastax	https://github.com/DataStax-Academy	38688900
https://hackerone.com/datastax	https://github.com/DataStax-Examples	56047707
https://hackerone.com/datastax	https://github.com/DataStax-Toolkit	64580372
https://hackerone.com/datastax	https://github.com/datastax	573369
https://hackerone.com/deliveroo	https://github.com/deliveroo	10514109
https://hackerone.com/deribit	https://github.com/deribit	20669075
https://hackerone.com/deriv	https://github.com/deriv-com	61439569
https://hackerone.com/deriv	https://github.com/regentmarkets	7867177
https://hackerone.com/discourse	https://github.com/discourse	3220138
https://hackerone.com/discourse	https://github.com/discourse-com	63692480
https://hackerone.com/django	https://github.com/django	27804
https://hackerone.com/doppler	https://github.com/DopplerHQ	34022344
https://hackerone.com/doppler	https://github.com/DopplerRecruiting	113557117
https://hackerone.com/doppler	https://github.com/DopplerTest	57556979
https://hackerone.com/doppler	https://github.com/DopplerUniversity	88409964
https://hackerone.com/doppler	https://github.com/doppler	16692
https://hackerone.com/dynamic_labs	https://github.com/dynamic-labs	96269716
https://hackerone.com/dynatrace	https://github.com/DT-Team-Peru	95506611
https://hackerone.com/dynatrace	https://github.com/Dynatrace	6412311
https://hackerone.com/dynatrace	https://github.com/Dynatrace-BusSys-BI	125590434
https://hackerone.com/dynatrace	https://github.com/Dynatrace-Cloud-Automation	103497014
https://hackerone.com/dynatrace	https://github.com/Dynatrace-India	68557679
https://hackerone.com/dynatrace	https://github.com/DynatraceServices	66318946
https://hackerone.com/dynatrace	https://github.com/dt-alliances	95772295
https://hackerone.com/dynatrace	https://github.com/dynatrace-oss	58178984
https://hackerone.com/dynatrace	https://github.com/dynatrace-oss-contrib	49676351
https://hackerone.com/dynatrace	https://github.com/dynatrace-partners	66614129
https://hackerone.com/dynatrace	https://github.com/dynatrace-perfclinics	79914799
https://hackerone.com/dyson	https://github.com/dyson-ai	135659993
https://hackerone.com/dyson	https://github.com/dysonltd	85133840
https://hackerone.com/dyson	https://github.com/dysonltd-zz	4832055
https://hackerone.com/eero	https://github.com/eero-inc	7098688
https://hackerone.com/elastic	https://github.com/elastic	6764390
https://hackerone.com/elastic	https://github.com/swiftype	1207677
https://hackerone.com/engel_volkers_bbp	https://github.com/EngelVoelkers	40234384
https://hackerone.com/enjin	https://github.com/enjin	1616840
https://hackerone.com/epam-bbp	https://github.com/EpamArmenia	16794820
https://hackerone.com/epam-bbp	https://github.com/EpamLifeSciencesTeam	22500524
https://hackerone.com/epam-bbp	https://github.com/epam	1589802
https://hackerone.com/epicgames	https://github.com/EpicGames	6615685
https://hackerone.com/etoro_bbp	https://github.com/eToro	4150513
https://hackerone.com/etoro_bbp	https://github.com/etoroxlabs	45037352
https://hackerone.com/eufy_security	https://github.com/homebridge-eufy-security	89253565
https://hackerone.com/evernote	https://github.com/evernote	1120885
https://hackerone.com/exness	https://github.com/exness	6469846
https://hackerone.com/exodus	https://github.com/ExodusMovement	16415174
https://hackerone.com/expediagroup_bbp	https://github.com/ExpediaGroup	38541875
https://hackerone.com/expediagroup_bbp	https://github.com/ExpediaInc	1225964
https://hackerone.com/expediagroup_bbp	https://github.com/ExpediaIncOpenSource	8863736
https://hackerone.com/expediagroup_bbp	https://github.com/HotelsDotCom	8900689
https://hackerone.com/expediagroup_bbp	https://github.com/Stayz	15434738
https://hackerone.com/expediagroup_bbp	https://github.com/vrbo	48523963
https://hackerone.com/expediagroup_bbp	https://github.com/wotifgroup	670172
https://hackerone.com/facebook	https://github.com/Instagram	549085
https://hackerone.com/facebook	https://github.com/WhatsApp	5508982
https://hackerone.com/facebook	https://github.com/facebook	69631
https://hackerone.com/facebook	https://github.com/facebookexperimental	12853545
https://hackerone.com/facebook	https://github.com/facebookincubator	19538647
https://hackerone.com/facebook	https://github.com/facebookmicrosites	25618151
https://hackerone.com/facebook	https://github.com/facebookresearch	16943930
https://hackerone.com/facebook	https://github.com/fbsamples	1541324
https://hackerone.com/facebook	https://github.com/flowtype	26666315
https://hackerone.com/facebook	https://github.com/internetorg	8052812
https://hackerone.com/fanduel	https://github.com/fanduel	1397770
https://hackerone.com/fanduel	https://github.com/fanduel-oss	42635839
https://hackerone.com/faraday_inc	https://github.com/faradayio	140344
https://hackerone.com/fetlife	https://github.com/fetlife	32503
https://hackerone.com/figma	https://github.com/figma	5155369
https://hackerone.com/files	https://github.com/Files-com	59619169
https://hackerone.com/filezilla	-	-
https://hackerone.com/fireblocks	https://hackerone.com/fireblocks_mpc	-
https://hackerone.com/fireblocks_mpc	https://github.com/Spark22Labs	113022749
https://hackerone.com/fireblocks_mpc	https://github.com/fireblocks	40918269
https://hackerone.com/fireblocks_mpc	https://github.com/fireblocks-labs	141332591
https://hackerone.com/flickr	https://github.com/flickr	94808
https://hackerone.com/floqast	https://github.com/FloQast	20935775
https://hackerone.com/flutteruki	https://github.com/PaddyPower	526096
https://hackerone.com/flutteruki	https://github.com/PaddyPowerBetfair	19859390
https://hackerone.com/flutteruki	https://github.com/betfair	1446226
https://hackerone.com/flutteruki	https://github.com/betfair-datascientists	40420008
https://hackerone.com/flutteruki	https://github.com/betfair-down-under	66282750
https://hackerone.com/flutteruki	https://github.com/skybet	2715474
https://hackerone.com/forescout_technologies	https://github.com/Forescout	20178763
https://hackerone.com/freshworks	https://github.com/freshworks	67417573
https://hackerone.com/freshworks	https://github.com/freshworks-apps	106510974
https://hackerone.com/freshworks	https://github.com/freshworks-dev-community	61176859
https://hackerone.com/freshworks	https://github.com/freshworks-developers	74898549
https://hackerone.com/freshworks	https://github.com/sarastech	2386915
https://hackerone.com/frontegg	https://github.com/front-egg	61739693
https://hackerone.com/frontegg	https://github.com/frontegg-samples	92517243
https://hackerone.com/frontegg	https://hackerone.com/frontegg	-
https://hackerone.com/fronthq	https://github.com/frontapp	3025797
https://hackerone.com/github	https://github.com/actions	44036562
https://hackerone.com/github	https://github.com/cli	59704711
https://hackerone.com/github	https://github.com/community	93784371
https://hackerone.com/github	https://github.com/dependabot	27347476
https://hackerone.com/github	https://github.com/desktop	13171334
https://hackerone.com/github	https://github.com/docs	51224762
https://hackerone.com/github	https://github.com/git-lfs	20246716
https://hackerone.com/github	https://github.com/github	9919
https://hackerone.com/github	https://github.com/hubotio	10102049
https://hackerone.com/github	https://github.com/integrations	31044959
https://hackerone.com/github	https://github.com/jekyll	3083652
https://hackerone.com/github	https://github.com/npm	6078720
https://hackerone.com/github	https://github.com/octokit	3430433
https://hackerone.com/github	https://github.com/pages-themes	22329739
https://hackerone.com/github	https://github.com/paper-spa	61994884
https://hackerone.com/github	https://github.com/primer	7143434
https://hackerone.com/github	https://github.com/probot	26350515
https://hackerone.com/github	https://github.com/tree-sitter	17203512
https://hackerone.com/github-security-lab	-	-
https://hackerone.com/gitlab	https://github.com/GitLab-Red-Team	97901232
https://hackerone.com/gitlab	https://github.com/gitlabhq	1086321
https://hackerone.com/glassdoor	https://github.com/Glassdoor	4205722
https://hackerone.com/glasswire	-	-
https://hackerone.com/gocardless_bbp	https://gocardless.com/faq/merchants/security/	-
https://hackerone.com/gojek	https://github.com/gojek	29785210
https://hackerone.com/goldmansachs	https://github.com/goldmansachs	1268489
https://hackerone.com/goodrx	https://github.com/goodrx	7339801
https://hackerone.com/grab	https://github.com/grab	17284363
https://hackerone.com/grab	https://github.com/myteksi	2368682
https://hackerone.com/grammarly	https://github.com/grammarly	352781
https://hackerone.com/greenhouse	-	-
https://hackerone.com/greenhouse	https://github.com/grnhse	5897040
https://hackerone.com/grindr	https://github.com/Grindr	8165952
https://hackerone.com/grindr	https://github.com/grindrlabs	25598951
https://hackerone.com/grindr	https://github.com/grindrllc	10765036
https://hackerone.com/gsa_bbp	https://github.com/18F	6233994
https://hackerone.com/gsa_bbp	https://github.com/GSA	643070
https://hackerone.com/harvest	https://github.com/harvesthq	43635
https://hackerone.com/hedera-hashgraph	https://github.com/hashgraph	31002956
https://hackerone.com/hedera-hashgraph	https://github.com/hgraph-io	114123092
https://hackerone.com/helium	https://github.com/helium	6635330
https://hackerone.com/hilton	https://github.com/hilton-japan	67956138
https://hackerone.com/hiro	https://github.com/hirosystems	18336414
https://hackerone.com/homebargains	https://github.com/HomeBargains	19309256
https://hackerone.com/homebargains	https://github.com/TJMorrisMedia	11032102
https://hackerone.com/horizen	https://github.com/HorizenDev	81548138
https://hackerone.com/horizen	https://github.com/HorizenOfficial	29291571
https://hackerone.com/horizen	https://github.com/ZencashOfficial	68791695
https://hackerone.com/horizen	https://github.com/zencashio	75804805
https://hackerone.com/hostinger	https://www.hostinger.in/responsible-disclosure-policy	-
https://hackerone.com/hyatt	https://github.com/hyatt	10037461
https://hackerone.com/hyperledger	https://github.com/hyperledger	7657900
https://hackerone.com/hyperledger	https://github.com/hyperledger-labs	35617018
https://hackerone.com/hypr-corp	https://github.com/hypr	4042438
https://hackerone.com/iandunn-projects	https://github.com/iandunn	484068
https://hackerone.com/ibb	https://github.com/Electron	13409222
https://hackerone.com/ibb	https://github.com/apache	47359
https://hackerone.com/ibb	https://github.com/argoproj	30269780
https://hackerone.com/ibb	https://github.com/curl	16928085
https://hackerone.com/ibb	https://github.com/django	27804
https://hackerone.com/ibb	https://github.com/libssh	44258027
https://hackerone.com/ibb	https://github.com/libssh2	11430937
https://hackerone.com/ibb	https://github.com/nginx	1412239
https://hackerone.com/ibb	https://github.com/nginx-architects	73540634
https://hackerone.com/ibb	https://github.com/nginxinc	8629072
https://hackerone.com/ibb	https://github.com/openssl	3279138
https://hackerone.com/ibb	https://github.com/rack	42379
https://hackerone.com/ibb	https://github.com/rails	4223
https://hackerone.com/ibb	https://github.com/ruby	210414
https://hackerone.com/ibb	https://github.com/rubygems	208761
https://hackerone.com/ibb	https://github.com/rust-lang	5430905
https://hackerone.com/ibb	https://github.com/spiffe	19497462
https://hackerone.com/ibb	https://github.com/xen-project	17047965
https://hackerone.com/imgur	https://github.com/Imgur	558067
https://hackerone.com/inditex	https://github.com/InditexTech	128586778
https://hackerone.com/inditex	https://github.com/inditex	57213375
https://hackerone.com/inditex	https://github.com/inditex-sandbox	59470614
https://hackerone.com/inditex	https://github.com/inditex-zboost	125387159
https://hackerone.com/indrive	https://github.com/inDriver	22284207
https://hackerone.com/instacart	https://github.com/instacart	3732412
https://hackerone.com/iovlabs	https://github.com/rsksmart	28455056
https://hackerone.com/ips	https://github.com/InvisionPowerServices	27738720
https://hackerone.com/irccloud	https://github.com/irccloud	912711
https://hackerone.com/iron_fish_bbp	https://github.com/iron-fish	43299557
https://hackerone.com/judgeme	https://github.com/judgeme	3839033
https://hackerone.com/kayak	https://github.com/kayak	521891
https://hackerone.com/kindred_group	https://github.com/kindredgroup	26287397
https://hackerone.com/kiwi-ki	https://github.com/KIWIKIGmbH	6759177
https://hackerone.com/kiwicom	https://github.com/kiwicom	25227300
https://hackerone.com/kolesagroup	https://github.com/kolesa-team	19899078
https://hackerone.com/kraden	https://github.com/kradencom	97843589
https://hackerone.com/krisp	https://github.com/krispai	31486256
https://hackerone.com/kubernetes	https://github.com/kubernetes	13629408
https://hackerone.com/kubernetes	https://github.com/kubernetes-client	26615988
https://hackerone.com/kubernetes	https://github.com/kubernetes-csi	33050221
https://hackerone.com/kubernetes	https://github.com/kubernetes-security	24614338
https://hackerone.com/kubernetes	https://github.com/kubernetes-sigs	36015203
https://hackerone.com/lark_technologies	https://github.com/larksuite	54944174
https://hackerone.com/launchdarkly	https://github.com/launchdarkly	8039656
https://hackerone.com/launchdarkly	https://github.com/launchdarkly-labs	56648017
https://hackerone.com/leather_wallet	https://github.com/leather-wallet	143201987
https://hackerone.com/liberapay	https://github.com/liberapay	12560099
https://hackerone.com/lifeomic	https://github.com/lifeomic	29172293
https://hackerone.com/line	https://github.com/line	13128444
https://hackerone.com/linkedin	https://security.linkedin.com/vulnerabilty-disclosure	-
https://hackerone.com/linktree	https://github.com/blstrco	46659100
https://hackerone.com/lob	https://github.com/lob	4955790
https://hackerone.com/localizejs	https://github.com/Localize	11488209
https://hackerone.com/localtapiola	https://github.com/duetds	59133187
https://hackerone.com/logitech	https://github.com/Logitech	1508962
https://hackerone.com/logitech	https://github.com/StreamlabsSupport	39203233
https://hackerone.com/logitech	https://github.com/challonge	29918701
https://hackerone.com/logitech	https://github.com/logihackdays	24558616
https://hackerone.com/logitech	https://github.com/stream-labs	33038602
https://hackerone.com/lyst	https://github.com/lyst	10947873
https://hackerone.com/magic-bbp	https://github.com/MagicLabs	59753242
https://hackerone.com/magic-eden	https://github.com/magiceden	89287574
https://hackerone.com/magic-eden	https://github.com/magiceden-oss	133897181
https://hackerone.com/mainwp	https://github.com/mainwp	6764227
https://hackerone.com/malwarebytes	https://github.com/Malwarebytes	1553442
https://hackerone.com/mapbox	https://github.com/mapbox	600935
https://hackerone.com/marriott	-	-
https://hackerone.com/matomo	https://github.com/innocraft	22235307
https://hackerone.com/matomo	https://github.com/matomo-org	698038
https://hackerone.com/mattermost	https://github.com/mattermost	9828093
https://hackerone.com/mercadolibre	https://github.com/mercadolibre	245516
https://hackerone.com/mercadolibre	https://github.com/mercadopago	900583
https://hackerone.com/mergify	https://github.com/Mergifyio	37838584
https://hackerone.com/mergify	https://github.com/Mergifyio-demo-organization	117727518
https://hackerone.com/mergify	https://github.com/mergify-demo	122371164
https://hackerone.com/mergify	https://github.com/mergify-sandbox	79165000
https://hackerone.com/mergify	https://github.com/mergifyio-testing	40527191
https://hackerone.com/meta	https://hackerone.com/facebook	-
https://hackerone.com/metamask	https://github.com/LavaMoat	57336362
https://hackerone.com/metamask	https://github.com/MetaMask	11744586
https://hackerone.com/miro	https://github.com/Miroapp-dev	94612625
https://hackerone.com/miro	https://github.com/miroapp	48276018
https://hackerone.com/modern_treasury	https://www.federacy.com/modern-treasury	-
https://hackerone.com/monero	https://github.com/monero-project	7450663
https://hackerone.com/moneybird	https://github.com/moneybird	101643
https://hackerone.com/mongodb	https://github.com/mongodb	45120
https://hackerone.com/mongodb	https://github.com/mongodb-developer	45798453
https://hackerone.com/mongodb	https://github.com/mongodb-labs	2118794
https://hackerone.com/moonpay	https://github.com/moonpay	45370368
https://hackerone.com/moonpay	https://github.com/moonpay-hypermint	108070220
https://hackerone.com/mozilla_core_services	https://hackerone.com/mozilla	-
https://hackerone.com/mozilla_critical_services	https://hackerone.com/mozilla	-
https://hackerone.com/myetherwallet	https://github.com/MyEtherWallet	24321658
https://hackerone.com/netflix	https://github.com/Netflix-App	144755525
https://hackerone.com/netflix	https://github.com/Netflix-Database	82318740
https://hackerone.com/netlify	https://github.com/netlify	7892489
https://hackerone.com/netlify	https://github.com/netlify-labs	47546088
https://hackerone.com/netlify	https://github.com/netlify-templates	9890570
https://hackerone.com/newegg	https://github.com/Newegg	4509420
https://hackerone.com/newegg	https://github.com/NeweggTechie	94130962
https://hackerone.com/newrelic	https://github.com/newrelic	31739
https://hackerone.com/newrelic	https://github.com/newrelic-experimental	60677554
https://hackerone.com/nextcloud	https://github.com/nextcloud	19211038
https://hackerone.com/nextcloud	https://github.com/nextcloud-releases	74006188
https://hackerone.com/nicehash	https://bugcrowd.com/nicehash-og	-
https://hackerone.com/nintendo	-	-
https://hackerone.com/nodejs	https://github.com/nodejs	9950313
https://hackerone.com/nordsecurity	https://github.com/NordLocker	57713205
https://hackerone.com/nordsecurity	https://github.com/NordPass	68552972
https://hackerone.com/nordsecurity	https://github.com/NordVPN	37829946
https://hackerone.com/o1-labs	https://github.com/MinaProtocol	39103922
https://hackerone.com/o1-labs	https://github.com/o1-labs	34635390
https://hackerone.com/oasis_protocol_foundation	https://github.com/oasislabs	37714332
https://hackerone.com/oasis_protocol_foundation	https://github.com/oasisprotocol	52803776
https://hackerone.com/oasisprotocol	https://hackerone.com/oasis_protocol_foundation	-
https://hackerone.com/okx	https://hackenproof.com/okx-1/okx	-
https://hackerone.com/omise	https://github.com/OmisePayments	73100063
https://hackerone.com/omise	https://github.com/omise	4662729
https://hackerone.com/omise	https://github.com/omisego	61859746
https://hackerone.com/open-xchange	https://github.com/Open-Xchange-Frontend	5494861
https://hackerone.com/open-xchange	https://github.com/PowerDNS	1282630
https://hackerone.com/open-xchange	https://github.com/dovecot	16224384
https://hackerone.com/open-xchange	https://github.com/open-xchange	5494836
https://hackerone.com/opensea	https://github.com/OpenSea-Templates	120521459
https://hackerone.com/opensea	https://github.com/OpenSea-clone	84646572
https://hackerone.com/opensea	https://github.com/ProjectOpenSea	34966464
https://hackerone.com/oppo	https://github.com/OPPO-OpenPlatform	99473886
https://hackerone.com/oppo	https://github.com/oppo	48504756
https://hackerone.com/oppo	https://github.com/oppo-source	3840059
https://hackerone.com/owncloud	https://github.com/OwnClud	27079668
https://hackerone.com/owncloud	https://github.com/owncloud	1645051
https://hackerone.com/owncloud	https://github.com/owncloud-ansible	56866988
https://hackerone.com/owncloud	https://github.com/owncloud-archive	82805676
https://hackerone.com/owncloud	https://github.com/owncloud-ci	30237076
https://hackerone.com/owncloud	https://github.com/owncloud-devops	74307437
https://hackerone.com/owncloud	https://github.com/owncloud-docker	20342133
https://hackerone.com/owncloud	https://github.com/owncloud-koko	121243631
https://hackerone.com/owncloud	https://github.com/owncloud-ops	64270212
https://hackerone.com/owncloud	https://github.com/owncloudCMF	16033147
https://hackerone.com/palantir_public	https://github.com/palantir	303157
https://hackerone.com/palta	https://github.com/Palta-Data-Platform	79192383
https://hackerone.com/panther_labs	https://github.com/panther-labs	42053323
https://hackerone.com/panther_labs	https://github.com/panther-labs-recruiting	65214015
https://hackerone.com/paragonie	https://github.com/paragonie	11591525
https://hackerone.com/payoneer	https://github.com/payoneer	16548525
https://hackerone.com/paypal	https://github.com/braintree	3453
https://hackerone.com/paypal	https://github.com/krakenjs	7001600
https://hackerone.com/paypal	https://github.com/paypal	476675
https://hackerone.com/paypal	https://github.com/paypal-examples	72233671
https://hackerone.com/paypal	https://github.com/venmo	256998
https://hackerone.com/paypal	https://github.com/xoom	81209386
https://hackerone.com/phabricator	https://github.com/phacility	4840775
https://hackerone.com/pillarproject	https://github.com/pillarwallet	32779549
https://hackerone.com/pingidentity	https://github.com/pingidentity	580170
https://hackerone.com/pixiv	https://github.com/pixiv	1657867
https://hackerone.com/plaid	https://github.com/plaid	3579888
https://hackerone.com/playstation	-	-
https://hackerone.com/pogo	https://github.com/JoinPogo	87022496
https://hackerone.com/poloniex	https://github.com/poloniex	6934310
https://hackerone.com/polygon-technology	https://immunefi.com/bounty/polygon/	-
https://hackerone.com/pornbox	-	-
https://hackerone.com/pornhub	-	-
https://hackerone.com/portswigger	https://github.com/PortSwigger	13749115
https://hackerone.com/postmates	https://github.com/postmates	426014
https://hackerone.com/priceline	https://github.com/priceline	6863750
https://hackerone.com/quora	https://github.com/quora	68739
https://hackerone.com/radancy	https://github.com/Evonik-Digital-Labs	83341128
https://hackerone.com/radancy	https://github.com/Evonik-VER	75393117
https://hackerone.com/radancy	https://github.com/radancyco	5018291
https://hackerone.com/rails	https://github.com/rails	4223
https://hackerone.com/razorpay	https://github.com/razorpay	7713209
https://hackerone.com/recargapay	https://github.com/recarga	11233749
https://hackerone.com/recorded-future	https://github.com/recordedfuture	5391630
https://hackerone.com/reddit	https://github.com/dubsmash	148537874
https://hackerone.com/reddit	https://github.com/reddit	14248
https://hackerone.com/reddit	https://github.com/reddit-archive	35933936
https://hackerone.com/redox_bbp	https://bugcrowd.com/redox	-
https://hackerone.com/redtube	-	-
https://hackerone.com/rei_bbp	https://github.com/rei	6014050
https://hackerone.com/remitano	https://github.com/remitano	11909623
https://hackerone.com/ridewithvia	https://github.com/ViaTransportation	3480809
https://hackerone.com/ring	-	-
https://hackerone.com/robinhood	https://github.com/robinhood	18473991
https://hackerone.com/robinhood	https://github.com/robinhoodmarkets	5488712
https://hackerone.com/roblox	https://github.com/Roblox	4195619
https://hackerone.com/rockstargames	-	-
https://hackerone.com/ruby	https://github.com/ruby	210414
https://hackerone.com/rubygems	https://github.com/rubygems	208761
https://hackerone.com/s-pankki	https://github.com/Crosskey	17312140
https://hackerone.com/s-pankki	https://github.com/SOK-DevOps	75977951
https://hackerone.com/saytechnologies	-	-
https://hackerone.com/scopely	https://github.com/scopely	618945
https://hackerone.com/secnews	-	-
https://hackerone.com/security	https://github.com/Hacker0x01	3014877
https://hackerone.com/semrush	https://github.com/prowlycom	102731792
https://hackerone.com/semrush	https://github.com/semrush	3648654
https://hackerone.com/sheer_bbp	-	-
https://hackerone.com/shein	https://github.com/sheincorp-opensource	42960477
https://hackerone.com/shein	https://github.com/sheinsight	42791410
https://hackerone.com/shipt	https://github.com/shipt	8095726
https://hackerone.com/shopify	https://github.com/Shopify	8085
https://hackerone.com/showmax	https://github.com/showmax	12067869
https://hackerone.com/sidefx	https://github.com/sideeffects	1576570
https://hackerone.com/six-group	https://hackerone.com/six-group	-
https://hackerone.com/skale_network	https://github.com/skalenetwork	49560738
https://hackerone.com/skinport	https://github.com/skinport	77999913
https://hackerone.com/slack	https://github.com/slack-samples	98608411
https://hackerone.com/slack	https://github.com/slackapi	6962987
https://hackerone.com/slack	https://github.com/slackhq	6911160
https://hackerone.com/smartsheet	https://github.com/SmartsheetConsulting	25462947
https://hackerone.com/smartsheet	https://github.com/smartsheet	1653813
https://hackerone.com/smartsheet	https://github.com/smartsheet-mobile	19357426
https://hackerone.com/smartsheet	https://github.com/smartsheet-platform	4391117
https://hackerone.com/smartsheet	https://github.com/smartsheet-samples	25208760
https://hackerone.com/smartsheet	https://github.com/smartsheetengineering	20049277
https://hackerone.com/smtp2go	https://github.com/smtp2go	14046217
https://hackerone.com/smtp2go	https://github.com/smtp2go-oss	25889135
https://hackerone.com/snapchat	https://github.com/Bitstrips	7081660
https://hackerone.com/snapchat	https://github.com/snapchat	40505220
https://hackerone.com/sony	https://github.com/sony	8435219
https://hackerone.com/sorare	https://github.com/sorare	40692736
https://hackerone.com/soroban	https://www.stellar.org/bug-bounty-program/	-
https://hackerone.com/spotify	https://github.com/spotify	251374
https://hackerone.com/starbucks	https://github.com/starbucks	1645838
https://hackerone.com/starbucks	https://github.com/starbucks-china	11399842
https://hackerone.com/stripe	https://github.com/stripe	856813
https://hackerone.com/stripe	https://github.com/stripe-archive	8367630
https://hackerone.com/stripe	https://github.com/stripe-ctf	1456199
https://hackerone.com/stripe	https://github.com/stripe-demos	94026292
https://hackerone.com/stripe	https://github.com/stripe-interview	4382185
https://hackerone.com/stripe	https://github.com/stripe-ios	13141669
https://hackerone.com/stripe	https://github.com/stripe-precisely-sample	64661512
https://hackerone.com/stripe	https://github.com/stripe-samples	53451702
https://hackerone.com/superbet	https://github.com/superbet-group	40858502
https://hackerone.com/superbet	https://github.com/superbet-zendesk	63706732
https://hackerone.com/tari_labs	https://github.com/tari-labs	36826637
https://hackerone.com/tari_labs	https://github.com/tari-project	37560539
https://hackerone.com/tecno	-	-
https://hackerone.com/teleport	https://github.com/gravitational	10781132
https://hackerone.com/temu	-	-
https://hackerone.com/tencent	https://github.com/CFETeam	11834172
https://hackerone.com/tencent	https://github.com/TCloudBase	61448608
https://hackerone.com/tencent	https://github.com/Tencent	18461506
https://hackerone.com/tencent	https://github.com/Tencent-CloudEDU	40755987
https://hackerone.com/tencent	https://github.com/Tencent-YouTu	12813327
https://hackerone.com/tencent	https://github.com/TencentCloud	20101770
https://hackerone.com/tencent	https://github.com/TencentCloudBase	40630849
https://hackerone.com/tencent	https://github.com/TencentCloudBase-Marketplace	73511984
https://hackerone.com/tencent	https://github.com/tencentcloudstack	68363092
https://hackerone.com/tencent	https://github.com/tencentyun	12334581
https://hackerone.com/tide	https://github.com/tideplatform	77105164
https://hackerone.com/tiktok	https://github.com/bytedance	4158466
https://hackerone.com/tinder	https://github.com/Tinder	10427184
https://hackerone.com/tinder	https://github.com/TinderSec	24723817
https://hackerone.com/torproject	https://github.com/TheTorProject	3301912
https://hackerone.com/torproject	https://github.com/gettorbrowser	11665834
https://hackerone.com/trafficfactory	-	-
https://hackerone.com/trendyol	https://github.com/Trendyol	13857072
https://hackerone.com/trendyol	https://github.com/dolap-tech	73080350
https://hackerone.com/trip_com	https://github.com/TripMobile	45782394
https://hackerone.com/tron_dao	https://github.com/TRON	38557866
https://hackerone.com/tron_dao	https://github.com/troncore	75067531
https://hackerone.com/tron_dao	https://github.com/tronprotocol	34857411
https://hackerone.com/tron_dao	https://github.com/tronscan	39347524
https://hackerone.com/trustpilot	https://github.com/trustpilot	1088169
https://hackerone.com/tube8	-	-
https://hackerone.com/twitter	https://github.com/bountylabs	7762094
https://hackerone.com/twitter	https://github.com/gnip	15829
https://hackerone.com/twitter	https://github.com/mopub	643116
https://hackerone.com/twitter	https://github.com/twitter	50278
https://hackerone.com/twitter	https://github.com/twitter-archive	5313303
https://hackerone.com/twitter	https://github.com/twitterdev	7451118
https://hackerone.com/twitter	https://github.com/vine	1994538
https://hackerone.com/uber	https://github.com/fusionjs	33136433
https://hackerone.com/uber	https://github.com/horovod	46361271
https://hackerone.com/uber	https://github.com/jaegertracing	28545596
https://hackerone.com/uber	https://github.com/keplergl	49567843
https://hackerone.com/uber	https://github.com/m3db	19937171
https://hackerone.com/uber	https://github.com/pyro-ppl	46794900
https://hackerone.com/uber	https://github.com/thriftrw	16569516
https://hackerone.com/uber	https://github.com/uber	538264
https://hackerone.com/uber	https://github.com/uber-common	14812045
https://hackerone.com/uber	https://github.com/uber-dev	61061294
https://hackerone.com/uber	https://github.com/uber-go	19262598
https://hackerone.com/uber	https://github.com/uber-java	25932473
https://hackerone.com/uber	https://github.com/uber-node	17645378
https://hackerone.com/uber	https://github.com/uber-research	18741309
https://hackerone.com/uber	https://github.com/uber-web	20204342
https://hackerone.com/uber	https://github.com/uber-workflow	33676472
https://hackerone.com/uber	https://github.com/yarpc	16569504
https://hackerone.com/udemy	https://github.com/udemy	1714691
https://hackerone.com/ui	https://github.com/Ubiquiti-App	24455870
https://hackerone.com/ui	https://github.com/Ubiquiti-BSP	12247148
https://hackerone.com/ui	https://github.com/Ubiquiti-CN	6799941
https://hackerone.com/ui	https://github.com/Ubiquiti-Cloud	3586270
https://hackerone.com/ui	https://github.com/Ubiquiti-DevOps	93532336
https://hackerone.com/ui	https://github.com/Ubiquiti-External	110963160
https://hackerone.com/ui	https://github.com/Ubiquiti-Mobile	4974473
https://hackerone.com/ui	https://github.com/Ubiquiti-Vault	120022012
https://hackerone.com/ui	https://github.com/ubiquiti	3934889
https://hackerone.com/unikrn	https://github.com/unikrn	8815100
https://hackerone.com/urbancompany	https://github.com/urbanclap-engg	26280099
https://hackerone.com/urbandictionary	https://github.com/urbandictionary	80348
https://hackerone.com/valve	https://github.com/valvesoftware	3082775
https://hackerone.com/vanilla	https://github.com/vanilla	7443552
https://hackerone.com/vend	https://github.com/vend	1250541
https://hackerone.com/vimeo	https://github.com/vimeo	317769
https://hackerone.com/visa	https://github.com/SwiftVISA	51682419
https://hackerone.com/visa	https://github.com/visa	9850950
https://hackerone.com/visa	https://github.com/visa-DevOpsBeee	118640815
https://hackerone.com/visa	https://github.com/visa-innovation-sf	11761986
https://hackerone.com/watson_group	-	-
https://hackerone.com/wealthsimple	https://github.com/wealthsimple	6875813
https://hackerone.com/wealthsimple	https://github.com/wealthsimple-eu	50382901
https://hackerone.com/wickr	https://github.com/WickrInc	23241611
https://hackerone.com/wisdomtree	-	-
https://hackerone.com/wordpoints	https://github.com/WordPoints	6233660
https://hackerone.com/wordpress	https://github.com/GlotPress	7506006
https://hackerone.com/wordpress	https://github.com/WordPress	276006
https://hackerone.com/wordpress	https://github.com/wordpress-mobile	1306301
https://hackerone.com/wordpress	https://github.com/wp-cli	1570774
https://hackerone.com/x	https://hackerone.com/twitter	-
https://hackerone.com/xdefi	https://github.com/XDeFi-tech	69113105
https://hackerone.com/xiaomi	https://github.com/xiaomi	1309360
https://hackerone.com/xiaomi	https://github.com/xiaomi-automl	53561475
https://hackerone.com/xiaomi	https://github.com/xiaomi-passport	14307089
https://hackerone.com/xilinx_bbp	https://github.com/Xilinx	3189299
https://hackerone.com/xilinx_bbp	https://github.com/XilinxRobotics	75611909
https://hackerone.com/xvideos	-	-
https://hackerone.com/yahoo	https://github.com/Uplynk	8322181
https://hackerone.com/yahoo	https://github.com/Verizon	12649763
https://hackerone.com/yahoo	https://github.com/VerizonCloud	6198263
https://hackerone.com/yahoo	https://github.com/VerizonDigital	103147122
https://hackerone.com/yahoo	https://github.com/VerizonDigitalMedia	12316807
https://hackerone.com/yahoo	https://github.com/VzMediaPlatform	59633498
https://hackerone.com/yahoo	https://github.com/YahooArchive	19540805
https://hackerone.com/yahoo	https://github.com/aol	855409
https://hackerone.com/yahoo	https://github.com/arkime	71138764
https://hackerone.com/yahoo	https://github.com/flurry	818945
https://hackerone.com/yahoo	https://github.com/techcrunch	14080
https://hackerone.com/yahoo	https://github.com/theparanoids	4968187
https://hackerone.com/yahoo	https://github.com/verizonconnect	44414786
https://hackerone.com/yahoo	https://github.com/verizonlabs	22203935
https://hackerone.com/yahoo	https://github.com/vz-risk	3170933
https://hackerone.com/yahoo	https://github.com/yahoo	16574
https://hackerone.com/yahoo	https://github.com/yahoojapan	1642319
https://hackerone.com/yahoo	https://github.com/ydn	87709
https://hackerone.com/yelp	https://github.com/Yelp	49071
https://hackerone.com/yelp	https://github.com/seatme	677811
https://hackerone.com/yoti	https://github.com/getyoti	19798626
https://hackerone.com/yoti	https://github.com/lampkicking	7282744
https://hackerone.com/youporn	-	-
https://hackerone.com/yuga_labs	https://github.com/yuga-labs	90788737
https://hackerone.com/zabbix	https://github.com/zabbix	4561226
https://hackerone.com/zabbix	https://github.com/zabbix-tools	91644047
https://hackerone.com/zendesk	https://github.com/smooch	14301989
https://hackerone.com/zendesk	https://github.com/zendesk	11525
https://hackerone.com/zendesk	https://github.com/zendesklabs	5084619
https://hackerone.com/zendesk	https://github.com/zopim	390118
https://hackerone.com/zerobounce	https://github.com/zerobounce-llc	52930577
https://hackerone.com/zilliqa	https://github.com/Switcheo	45809277
https://hackerone.com/zilliqa	https://github.com/Zilliqa	32560879
https://hackerone.com/zilliqa	https://github.com/ZilliqaResearch	46096996
https://hackerone.com/zilliqa	https://github.com/zilliqajs	41768711
https://hackerone.com/zomato	https://github.com/Zomato	1112143
https://hackerone.com/zomato	https://github.com/ZomatoAnalytics	67043835
