https://app.hats.finance/vaults	https://github.com/0Vix
https://app.hats.finance/vaults	https://github.com/AngleProtocol
https://app.hats.finance/vaults	https://github.com/Caney-Fork
https://app.hats.finance/vaults	https://github.com/DXgovernance
https://app.hats.finance/vaults	https://github.com/DeFinerOrg
https://app.hats.finance/vaults	https://github.com/Fujicracy
https://app.hats.finance/vaults	https://github.com/GTON-capital
https://app.hats.finance/vaults	https://github.com/Giveth
https://app.hats.finance/vaults	https://github.com/GoodDollar
https://app.hats.finance/vaults	https://github.com/GoodDollarCommons
https://app.hats.finance/vaults	https://github.com/Idle-Finance
https://app.hats.finance/vaults	https://github.com/Idle-Labs
https://app.hats.finance/vaults	https://github.com/InsureDAO
https://app.hats.finance/vaults	https://github.com/InverseFinance
https://app.hats.finance/vaults	https://github.com/JellyProtocol
https://app.hats.finance/vaults	https://github.com/MahaDAO
https://app.hats.finance/vaults	https://github.com/PaladinFinance
https://app.hats.finance/vaults	https://github.com/Panda-DAO
https://app.hats.finance/vaults	https://github.com/Premia-Frontend
https://app.hats.finance/vaults	https://github.com/PremiaFinance
https://app.hats.finance/vaults	https://github.com/Premian-Labs
https://app.hats.finance/vaults	https://github.com/Quidli
https://app.hats.finance/vaults	https://github.com/Rpc-h
https://app.hats.finance/vaults	https://github.com/SpiralResearch
https://app.hats.finance/vaults	https://github.com/SwaprHQ
https://app.hats.finance/vaults	https://github.com/TempleDAO
https://app.hats.finance/vaults	https://github.com/UMAprotocol
https://app.hats.finance/vaults	https://github.com/Vaultka-Project
https://app.hats.finance/vaults	https://github.com/backstop-protocol
https://app.hats.finance/vaults	https://github.com/cryptonative-ch
https://app.hats.finance/vaults	https://github.com/dxdao
https://app.hats.finance/vaults	https://github.com/dxdaohackathon
https://app.hats.finance/vaults	https://github.com/govi-dao
https://app.hats.finance/vaults	https://github.com/hats-finance
https://app.hats.finance/vaults	https://github.com/holyheld
https://app.hats.finance/vaults	https://github.com/ichifarm
https://app.hats.finance/vaults	https://github.com/kleros
https://app.hats.finance/vaults	https://github.com/kleroterion
https://app.hats.finance/vaults	https://github.com/liquity
https://app.hats.finance/vaults	https://github.com/liquitycity
https://app.hats.finance/vaults	https://github.com/mahalend
https://app.hats.finance/vaults	https://github.com/paraswap
https://app.hats.finance/vaults	https://github.com/paraswap-clone
https://app.hats.finance/vaults	https://github.com/raft-fi
https://app.hats.finance/vaults	https://github.com/solace-fi
https://app.hats.finance/vaults	https://github.com/tempus-finance
https://app.hats.finance/vaults	https://github.com/viaMover
https://app.hats.finance/vaults  https://github.com/hoprnet
https://app.hats.finance/vaults  https://github.com/liquity-clone
