https://whitehub.net/programs/antsomi	-
https://whitehub.net/programs/bee-the-move	-
https://whitehub.net/programs/cellframe	https://github.com/demlabs-cellframe
https://whitehub.net/programs/cystack	https://github.com/cystack
https://whitehub.net/programs/ecrm	-
https://whitehub.net/programs/fiin	-
https://whitehub.net/programs/finhay	https://github.com/finhay
https://whitehub.net/programs/finhay-old	https://github.com/finhay-pro
https://whitehub.net/programs/gostream	-
https://whitehub.net/programs/gpqb	-
https://whitehub.net/programs/hackme	-
https://whitehub.net/programs/hodo	-
https://whitehub.net/programs/locker	https://github.com/lockerio
https://whitehub.net/programs/luxstay	https://github.com/luxstay
https://whitehub.net/programs/merchize	https://github.com/merchize
https://whitehub.net/programs/nami	https://github.com/NamiTrade
https://whitehub.net/programs/nukeviet	https://github.com/nukeviet
https://whitehub.net/programs/olacity	-
https://whitehub.net/programs/onus	https://github.com/ONUS-APP
https://whitehub.net/programs/tomochain	https://github.com/tomochain
https://whitehub.net/programs/tycoon	https://github.com/tycoon
https://whitehub.net/programs/vdp	-
https://whitehub.net/programs/vinid	https://github.com/VinID-lab
https://whitehub.net/programs/vinid	https://github.com/vinid-net
https://whitehub.net/programs/vinshop	https://github.com/vinshop
https://whitehub.net/programs/vndc	-
https://whitehub.net/programs/vntrip	https://github.com/AB-Nguyen
https://whitehub.net/programs/wise	-
